1, 10, 0, 3, True, 0.999900, 0, 0.000000, 0:00:00.000176, 12
2, 9, 9, 1, True, 0.998900, 9, 4.500000, 0:00:00.000537, 88
3, 10, 9, 1, True, 0.997901, 18, 6.000000, 0:00:00.000900, 216
4, 8, 9, 1, True, 0.996903, 27, 6.750000, 0:00:00.000980, 427
5, 10, 9, 2, True, 0.995906, 36, 7.200000, 0:00:00.001575, 744
6, 10, 0, 2, True, 0.994910, 36, 6.000000, 0:00:00.001222, 1043
7, 10, 0, 3, True, 0.993916, 36, 5.142857, 0:00:00.003127, 1358
8, 8, 9, 1, True, 0.992922, 45, 5.625000, 0:00:00.005428, 1823
9, 10, 9, 3, True, 0.991929, 54, 6.000000, 0:00:00.004861, 2393
10, 8, 9, 3, True, 0.990937, 63, 6.300000, 0:00:00.005260, 3098
11, 10, 9, 2, True, 0.989946, 72, 6.545455, 0:00:00.006778, 3916
12, 10, 0, 2, True, 0.988956, 72, 6.000000, 0:00:00.003094, 4490
13, 10, 0, 0, True, 0.987967, 72, 5.538462, 0:00:00.002147, 4943
14, 10, 0, 2, True, 0.986979, 72, 5.142857, 0:00:00.006414, 5578
15, 10, 0, 3, True, 0.985992, 72, 4.800000, 0:00:00.002439, 6173
16, 9, 9, 3, True, 0.985006, 81, 5.062500, 0:00:00.003525, 6954
17, 9, 0, 3, True, 0.984021, 81, 4.764706, 0:00:00.004579, 7566
18, 9, 0, 0, True, 0.983037, 81, 4.500000, 0:00:00.003318, 8091
19, 9, 0, 1, True, 0.982054, 81, 4.263158, 0:00:00.002483, 8630
20, 10, 9, 2, True, 0.981072, 90, 4.500000, 0:00:00.003519, 9492
21, 10, 0, 1, True, 0.980091, 90, 4.285714, 0:00:00.004360, 9969
22, 8, 9, 0, True, 0.979111, 99, 4.500000, 0:00:00.003749, 10730
23, 8, 0, 3, True, 0.978132, 99, 4.304348, 0:00:00.002497, 11370
24, 10, 9, 2, True, 0.977154, 108, 4.500000, 0:00:00.003912, 12225
25, 10, 0, 3, True, 0.976176, 108, 4.320000, 0:00:00.002251, 12764
26, 9, 9, 1, True, 0.975200, 117, 4.500000, 0:00:00.002917, 13467
27, 10, 9, 1, True, 0.974225, 126, 4.666667, 0:00:00.006171, 14133
28, 8, 9, 3, True, 0.973251, 135, 4.821429, 0:00:00.003464, 14798
29, 10, 9, 2, True, 0.972278, 144, 4.965517, 0:00:00.003205, 15579
30, 10, 0, 2, True, 0.971305, 144, 4.800000, 0:00:00.003085, 16083
31, 10, 0, 2, True, 0.970334, 144, 4.645161, 0:00:00.003294, 16548
32, 10, 0, 2, True, 0.969364, 144, 4.500000, 0:00:00.003951, 17108
33, 10, 0, 1, True, 0.968394, 144, 4.363636, 0:00:00.003044, 17549
34, 8, 9, 1, True, 0.967426, 153, 4.500000, 0:00:00.003939, 18248
35, 10, 9, 1, True, 0.966458, 162, 4.628571, 0:00:00.002998, 18950
36, 12, 9, 0, True, 0.965492, 171, 4.750000, 0:00:00.004163, 19690
37, 12, 0, 2, True, 0.964526, 171, 4.621622, 0:00:00.004034, 20320
38, 5, 9, 0, True, 0.963562, 180, 4.736842, 0:00:00.020669, 21035
39, 12, 9, 3, True, 0.962598, 189, 4.846154, 0:00:00.005673, 21901
40, 10, 9, 3, True, 0.961636, 198, 4.950000, 0:00:00.004701, 22751
41, 8, 9, 3, True, 0.960674, 207, 5.048780, 0:00:00.003471, 23551
42, 10, 9, 1, True, 0.959713, 216, 5.142857, 0:00:00.002962, 24190
43, 8, 9, 1, True, 0.958754, 225, 5.232558, 0:00:00.006009, 24884
44, 10, 9, 3, True, 0.957795, 234, 5.318182, 0:00:00.003307, 25579
45, 8, 9, 2, True, 0.956837, 243, 5.400000, 0:00:00.003221, 26290
46, 5, 9, 2, True, 0.955880, 252, 5.478261, 0:00:00.003570, 27084
47, 10, 20, 2, True, 0.954924, 272, 5.787234, 0:00:00.005879, 28040
48, 10, 0, 1, False, 0.953970, 272, 5.666667, 0:00:49.340568, 29752
49, 8, 9, 3, True, 0.953016, 281, 5.734694, 0:00:00.003430, 30470
50, 10, 9, 0, True, 0.952063, 290, 5.800000, 0:00:00.007001, 31143
51, 10, 0, 0, True, 0.951111, 290, 5.686275, 0:00:00.002588, 31673
52, 10, 0, 3, True, 0.950159, 290, 5.576923, 0:00:00.001997, 32271
53, 9, 9, 1, True, 0.949209, 299, 5.641509, 0:00:00.036376, 33027
54, 10, 9, 2, True, 0.948260, 308, 5.703704, 0:00:00.004972, 33769
55, 10, 0, 1, True, 0.947312, 308, 5.600000, 0:00:00.003072, 34237
56, 8, 9, 2, True, 0.946364, 317, 5.660714, 0:00:00.003616, 34946
57, 5, 9, 3, True, 0.945418, 326, 5.719298, 0:00:00.003867, 35672
58, 5, 0, 1, True, 0.944473, 326, 5.620690, 0:00:00.001663, 36118
59, 5, 0, 3, True, 0.943528, 326, 5.525424, 0:00:00.003436, 36649
60, 5, 0, 0, True, 0.942585, 326, 5.433333, 0:00:00.003631, 37084
61, 8, 9, 3, True, 0.941642, 335, 5.491803, 0:00:00.004397, 37965
62, 10, 9, 3, True, 0.940700, 344, 5.548387, 0:00:00.003339, 38778
63, 9, 9, 3, True, 0.939760, 353, 5.603175, 0:00:00.005313, 39563
64, 9, 0, 1, True, 0.938820, 353, 5.515625, 0:00:00.003871, 40025
65, 10, 9, 1, True, 0.937881, 362, 5.569231, 0:00:00.003156, 40745
66, 8, 9, 0, True, 0.936943, 371, 5.621212, 0:00:00.003474, 41445
67, 8, 0, 3, True, 0.936006, 371, 5.537313, 0:00:00.002115, 41998
68, 10, 9, 1, True, 0.935070, 380, 5.588235, 0:00:00.002579, 42637
69, 8, 9, 1, True, 0.934135, 389, 5.637681, 0:00:00.004094, 43311
70, 10, 9, 0, True, 0.933201, 398, 5.685714, 0:00:00.003340, 43918
71, 10, 0, 2, True, 0.932268, 398, 5.605634, 0:00:00.002069, 44504
72, 10, 0, 1, False, 0.931336, 398, 5.527778, 0:00:58.982256, 45858
73, 12, 9, 3, False, 0.930404, 407, 5.575342, 0:01:00.198130, 46702
74, 10, 9, 3, False, 0.929474, 416, 5.621622, 0:01:02.670460, 47943
75, 8, 9, 3, True, 0.928544, 425, 5.666667, 0:00:00.002979, 48652
76, 10, 9, 3, True, 0.927616, 434, 5.710526, 0:00:00.003427, 49261
77, 9, 9, 3, True, 0.926688, 443, 5.753247, 0:00:00.002849, 49948
78, 9, 0, 3, True, 0.925762, 443, 5.679487, 0:00:00.001917, 50385
79, 9, 0, 3, True, 0.924836, 443, 5.607595, 0:00:00.003560, 50860
80, 9, 0, 0, True, 0.923911, 443, 5.537500, 0:00:00.001879, 51341
81, 9, 0, 1, False, 0.922987, 443, 5.469136, 0:01:03.656944, 51985
82, 10, 9, 3, True, 0.922064, 452, 5.512195, 0:00:00.002764, 52646
83, 9, 9, 0, True, 0.921142, 461, 5.554217, 0:00:00.002434, 53339
84, 9, 0, 0, False, 0.920221, 461, 5.488095, 0:00:58.780862, 54031
85, 9, 0, 1, True, 0.919301, 461, 5.423529, 0:00:00.001395, 54540
86, 10, 9, 2, True, 0.918381, 470, 5.465116, 0:00:00.002617, 55334
87, 10, 0, 2, True, 0.917463, 470, 5.402299, 0:00:00.001639, 55831
88, 10, 0, 2, True, 0.916546, 470, 5.340909, 0:00:00.001757, 56334
89, 10, 0, 1, True, 0.915629, 470, 5.280899, 0:00:00.001360, 56724
90, 8, 9, 2, True, 0.914713, 479, 5.322222, 0:00:00.003521, 57366
91, 5, 9, 3, True, 0.913799, 488, 5.362637, 0:00:00.057305, 57988
92, 5, 0, 1, True, 0.912885, 488, 5.304348, 0:00:00.001601, 58303
93, 5, 0, 3, True, 0.911972, 488, 5.247312, 0:00:00.001849, 58648
94, 5, 0, 0, True, 0.911060, 488, 5.191489, 0:00:00.001547, 58908
95, 8, 9, 1, True, 0.910149, 497, 5.231579, 0:00:00.002583, 59313
96, 10, 9, 3, True, 0.909239, 506, 5.270833, 0:00:00.004561, 60041
97, 8, 9, 3, True, 0.908330, 515, 5.309278, 0:00:00.003784, 60766
98, 10, 9, 0, True, 0.907421, 524, 5.346939, 0:00:00.002718, 61333
99, 10, 0, 1, True, 0.906514, 524, 5.292929, 0:00:00.002672, 61771
100, 8, 9, 3, True, 0.905607, 533, 5.330000, 0:00:00.003123, 62599
101, 10, 9, 2, True, 0.904702, 542, 5.366337, 0:00:00.003173, 63346
102, 10, 0, 2, True, 0.903797, 542, 5.313725, 0:00:00.004062, 63814
103, 10, 0, 0, True, 0.902893, 542, 5.262136, 0:00:00.002272, 64178
104, 10, 0, 2, True, 0.901990, 542, 5.211538, 0:00:00.002007, 64590
105, 10, 0, 0, True, 0.901088, 542, 5.161905, 0:00:00.001781, 64905
106, 10, 0, 2, True, 0.900187, 542, 5.113208, 0:00:00.001984, 65458
107, 10, 0, 1, True, 0.899287, 542, 5.065421, 0:00:00.002144, 65890
108, 8, 9, 0, True, 0.898388, 551, 5.101852, 0:00:00.002427, 66549
109, 8, 0, 1, False, 0.897489, 551, 5.055046, 0:00:58.564808, 67628
110, 10, 9, 3, False, 0.896592, 560, 5.090909, 0:01:00.663117, 69253
111, 8, 9, 2, True, 0.895695, 569, 5.126126, 0:00:00.003121, 70008
112, 5, 9, 3, False, 0.894800, 578, 5.160714, 0:01:02.073961, 70233
113, 5, 0, 1, True, 0.893905, 578, 5.115044, 0:00:00.001448, 70601
114, 5, 0, 3, True, 0.893011, 578, 5.070175, 0:00:00.001916, 71008
115, 5, 0, 3, True, 0.892118, 578, 5.026087, 0:00:00.001724, 71406
116, 5, 0, 2, True, 0.891226, 578, 4.982759, 0:00:00.001834, 71917
117, 10, 20, 1, True, 0.890335, 598, 5.111111, 0:00:00.002875, 72755
118, 8, 9, 0, True, 0.889444, 607, 5.144068, 0:00:00.004720, 73452
119, 8, 0, 1, True, 0.888555, 607, 5.100840, 0:00:00.002023, 73872
120, 10, 9, 0, True, 0.887666, 616, 5.133333, 0:00:00.002528, 74453
121, 10, 0, 0, True, 0.886779, 616, 5.090909, 0:00:00.001749, 74927
122, 10, 0, 1, True, 0.885892, 616, 5.049180, 0:00:00.002709, 75392
123, 12, 9, 0, True, 0.885006, 625, 5.081301, 0:00:00.002601, 76107
124, 12, 0, 0, True, 0.884121, 625, 5.040323, 0:00:00.002120, 76578
125, 12, 0, 1, True, 0.883237, 625, 5.000000, 0:00:00.001838, 77102
126, 12, 0, 3, False, 0.882353, 625, 4.960317, 0:01:02.762989, 78416
127, 10, 9, 3, True, 0.881471, 634, 4.992126, 0:00:00.003719, 79248
128, 8, 9, 3, True, 0.880590, 643, 5.023438, 0:00:00.003679, 79998
129, 10, 9, 0, True, 0.879709, 652, 5.054264, 0:00:00.006342, 80590
130, 10, 0, 0, True, 0.878829, 652, 5.015385, 0:00:00.002311, 80968
131, 10, 0, 0, True, 0.877951, 652, 4.977099, 0:00:00.002977, 81371
132, 10, 0, 0, True, 0.877073, 652, 4.939394, 0:00:00.002437, 81859
133, 10, 0, 2, True, 0.876195, 652, 4.902256, 0:00:00.002474, 82394
134, 10, 0, 1, True, 0.875319, 652, 4.865672, 0:00:00.130527, 82871
135, 8, 9, 2, True, 0.874444, 661, 4.896296, 0:00:00.009323, 83591
136, 5, 9, 2, False, 0.873570, 670, 4.926471, 0:01:05.366647, 84504
137, 10, 20, 0, True, 0.872696, 690, 5.036496, 0:00:00.002946, 85214
138, 10, 0, 2, True, 0.871823, 690, 5.000000, 0:00:00.002008, 85779
139, 10, 0, 3, False, 0.870951, 690, 4.964029, 0:01:11.686030, 86478
140, 9, 9, 1, True, 0.870080, 699, 4.992857, 0:00:00.003078, 87067
141, 10, 9, 2, True, 0.869210, 708, 5.021277, 0:00:00.002993, 87706
142, 10, 0, 1, True, 0.868341, 708, 4.985915, 0:00:00.001745, 88104
143, 8, 9, 0, True, 0.867473, 717, 5.013986, 0:00:00.002620, 88630
144, 8, 0, 2, True, 0.866605, 717, 4.979167, 0:00:00.002143, 89071
145, 5, 9, 1, True, 0.865739, 726, 5.006897, 0:00:00.004218, 89757
146, 5, 0, 1, True, 0.864873, 726, 4.972603, 0:00:00.001485, 90157
147, 5, 0, 1, True, 0.864008, 726, 4.938776, 0:00:00.001612, 90588
148, 5, 0, 1, False, 0.863144, 726, 4.905405, 0:01:15.523969, 91293
149, 5, 0, 1, True, 0.862281, 726, 4.872483, 0:00:00.007355, 91691
150, 5, 0, 3, True, 0.861419, 726, 4.840000, 0:00:00.006329, 92138
151, 5, 0, 3, False, 0.860557, 726, 4.807947, 0:01:11.196560, 92938
152, 5, 0, 3, True, 0.859697, 726, 4.776316, 0:00:00.001895, 93383
153, 5, 0, 0, True, 0.858837, 726, 4.745098, 0:00:00.001499, 93782
154, 8, 9, 3, True, 0.857978, 735, 4.772727, 0:00:00.003400, 94562
155, 10, 9, 1, True, 0.857120, 744, 4.800000, 0:00:00.002566, 95180
156, 8, 9, 3, True, 0.856263, 753, 4.826923, 0:00:00.002917, 95874
157, 10, 9, 1, False, 0.855407, 762, 4.853503, 0:01:27.535553, 96218
158, 8, 9, 1, True, 0.854551, 771, 4.879747, 0:00:00.003231, 96850
159, 10, 9, 0, True, 0.853697, 780, 4.905660, 0:00:00.002986, 97412
160, 10, 0, 2, True, 0.852843, 780, 4.875000, 0:00:00.002204, 97829
161, 10, 0, 1, True, 0.851990, 780, 4.844720, 0:00:00.002961, 98150
162, 12, 9, 0, True, 0.851138, 789, 4.870370, 0:00:00.002852, 98564
163, 12, 0, 2, False, 0.850287, 789, 4.840491, 0:01:17.430239, 99640
164, 5, 9, 1, False, 0.849437, 798, 4.865854, 0:01:09.766240, 100288
165, 5, 0, 2, True, 0.848588, 798, 4.836364, 0:00:00.002758, 100773
166, 7, 9, 3, False, 0.847739, 807, 4.861446, 0:01:19.731161, 104154
167, 7, 0, 0, True, 0.846891, 807, 4.832335, 0:00:00.164196, 104601
168, 5, 9, 3, True, 0.846044, 816, 4.857143, 0:00:00.005019, 105383
169, 5, 0, 1, True, 0.845198, 816, 4.828402, 0:00:00.002721, 105798
170, 5, 0, 0, True, 0.844353, 816, 4.800000, 0:00:00.003133, 106186
171, 12, 9, 3, True, 0.843509, 825, 4.824561, 0:00:00.007265, 107033
172, 10, 9, 1, True, 0.842665, 834, 4.848837, 0:00:00.004443, 107732
173, 12, 9, 2, True, 0.841823, 843, 4.872832, 0:00:00.004988, 108504
174, 5, 9, 1, True, 0.840981, 852, 4.896552, 0:00:00.007482, 109193
175, 5, 0, 1, True, 0.840140, 852, 4.868571, 0:00:00.002212, 109593
176, 5, 0, 0, True, 0.839300, 852, 4.840909, 0:00:00.002877, 109969
177, 12, 9, 0, True, 0.838460, 861, 4.864407, 0:00:00.003821, 110689
178, 12, 0, 2, True, 0.837622, 861, 4.837079, 0:00:00.007274, 111277
179, 5, 9, 0, True, 0.836784, 870, 4.860335, 0:00:00.005930, 111888
180, 12, 9, 3, True, 0.835947, 879, 4.883333, 0:00:00.005816, 112563
181, 10, 9, 2, True, 0.835111, 888, 4.906077, 0:00:00.005739, 113138
182, 10, 0, 1, False, 0.834276, 888, 4.879121, 0:01:08.238326, 111912
183, 12, 9, 1, True, 0.833442, 897, 4.901639, 0:00:00.003563, 112566
184, 12, 0, 2, True, 0.832609, 897, 4.875000, 0:00:00.002569, 113148
185, 5, 9, 1, False, 0.831776, 906, 4.897297, 0:01:09.691228, 114007
186, 5, 0, 3, True, 0.830944, 906, 4.870968, 0:00:00.001915, 114475
187, 5, 0, 2, True, 0.830113, 906, 4.844920, 0:00:00.001791, 114975
188, 7, 9, 2, True, 0.829283, 915, 4.867021, 0:00:00.002605, 115711
189, 7, 0, 0, False, 0.828454, 915, 4.841270, 0:01:08.776249, 117120
190, 5, 9, 1, False, 0.827625, 924, 4.863158, 0:01:14.886780, 117053
191, 5, 0, 1, True, 0.826798, 924, 4.837696, 0:00:00.001391, 117464
192, 5, 0, 3, True, 0.825971, 924, 4.812500, 0:00:00.001775, 117935
193, 5, 0, 3, False, 0.825145, 924, 4.787565, 0:01:10.707852, 118431
194, 5, 0, 3, False, 0.824320, 924, 4.762887, 0:01:08.318848, 119034
195, 5, 0, 3, False, 0.823496, 924, 4.738462, 0:01:04.019689, 119460
196, 5, 0, 1, True, 0.822672, 924, 4.714286, 0:00:00.001504, 119828
197, 5, 0, 2, True, 0.821849, 924, 4.690355, 0:00:00.003838, 120275
198, 7, 9, 1, False, 0.821028, 933, 4.712121, 0:01:07.638616, 122192
199, 7, 0, 2, True, 0.820207, 933, 4.688442, 0:00:00.006826, 122700
200, 7, 0, 1, False, 0.819386, 933, 4.665000, 0:01:10.399527, 123169
201, 7, 0, 3, True, 0.818567, 933, 4.641791, 0:00:00.002018, 123702
202, 7, 0, 3, True, 0.817748, 933, 4.618812, 0:00:00.002296, 124226
203, 7, 0, 2, True, 0.816931, 933, 4.596059, 0:00:00.001896, 124727
204, 7, 0, 1, False, 0.816114, 933, 4.573529, 0:01:11.125577, 125351
205, 7, 0, 2, True, 0.815298, 933, 4.551220, 0:00:00.002721, 125805
206, 7, 0, 1, True, 0.814482, 933, 4.529126, 0:00:00.002341, 126217
207, 7, 0, 2, True, 0.813668, 933, 4.507246, 0:00:00.002477, 126684
208, 7, 0, 3, False, 0.812854, 933, 4.485577, 0:01:14.620683, 127838
209, 7, 0, 1, True, 0.812041, 933, 4.464115, 0:00:00.001768, 128259
210, 7, 0, 2, True, 0.811229, 933, 4.442857, 0:00:00.002116, 128771
211, 7, 0, 0, True, 0.810418, 933, 4.421801, 0:00:00.003366, 129186
212, 5, 9, 3, True, 0.809608, 942, 4.443396, 0:00:00.002868, 129922
213, 5, 0, 3, False, 0.808798, 942, 4.422535, 0:01:11.021836, 129683
214, 5, 0, 0, False, 0.807989, 942, 4.401869, 0:01:23.440015, 130021
215, 12, 9, 1, True, 0.807181, 951, 4.423256, 0:00:00.007997, 130726
216, 12, 0, 3, True, 0.806374, 951, 4.402778, 0:00:00.005843, 131304
217, 10, 9, 0, True, 0.805568, 960, 4.423963, 0:00:00.011215, 132019
218, 10, 0, 3, False, 0.804762, 960, 4.403670, 0:01:13.672876, 132683
219, 8, 9, 2, True, 0.803957, 969, 4.424658, 0:00:00.005109, 133472
220, 5, 9, 2, True, 0.803153, 978, 4.445455, 0:00:00.002938, 134144
221, 10, 20, 2, True, 0.802350, 998, 4.515837, 0:00:00.003470, 134855
222, 10, 0, 3, True, 0.801548, 998, 4.495495, 0:00:00.002067, 135250
223, 9, 9, 0, True, 0.800746, 1007, 4.515695, 0:00:00.004364, 135860
224, 9, 0, 1, False, 0.799946, 1007, 4.495536, 0:01:05.134454, 136423
225, 10, 9, 1, True, 0.799146, 1016, 4.515556, 0:00:00.005820, 137149
226, 8, 9, 2, True, 0.798346, 1025, 4.535398, 0:00:00.004705, 137901
227, 5, 9, 3, True, 0.797548, 1034, 4.555066, 0:00:00.002918, 138591
228, 5, 0, 0, True, 0.796751, 1034, 4.535088, 0:00:00.001658, 138941
229, 8, 9, 2, False, 0.795954, 1043, 4.554585, 0:01:18.876025, 139843
230, 5, 9, 1, True, 0.795158, 1052, 4.573913, 0:00:00.002890, 140498
231, 5, 0, 1, False, 0.794363, 1052, 4.554113, 0:01:14.044212, 140881
232, 5, 0, 3, True, 0.793568, 1052, 4.534483, 0:00:00.001936, 141326
233, 5, 0, 1, True, 0.792775, 1052, 4.515021, 0:00:00.001562, 141685
234, 5, 0, 2, True, 0.791982, 1052, 4.495726, 0:00:00.002298, 142146
235, 10, 20, 1, False, 0.791190, 1072, 4.561702, 0:01:07.040319, 142889
236, 8, 9, 0, True, 0.790399, 1081, 4.580508, 0:00:00.002745, 143549
237, 8, 0, 3, True, 0.789608, 1081, 4.561181, 0:00:00.002273, 144007
238, 10, 9, 0, True, 0.788819, 1090, 4.579832, 0:00:00.002386, 144555
239, 10, 0, 3, True, 0.788030, 1090, 4.560669, 0:00:00.002196, 145101
240, 9, 9, 2, True, 0.787242, 1099, 4.579167, 0:00:00.002821, 145830
241, 5, 9, 1, True, 0.786455, 1108, 4.597510, 0:00:00.003424, 146517
242, 5, 0, 0, True, 0.785668, 1108, 4.578512, 0:00:00.001418, 146932
243, 9, 9, 3, True, 0.784883, 1117, 4.596708, 0:00:00.002678, 147771
244, 9, 0, 1, False, 0.784098, 1117, 4.577869, 0:01:06.079085, 148953
245, 10, 9, 3, True, 0.783314, 1126, 4.595918, 0:00:00.003494, 149703
246, 9, 9, 2, True, 0.782530, 1135, 4.613821, 0:00:00.003034, 150436
247, 5, 9, 2, False, 0.781748, 1144, 4.631579, 0:01:09.216572, 151210
248, 7, 9, 0, True, 0.780966, 1153, 4.649194, 0:00:00.002602, 151848
249, 5, 9, 1, False, 0.780185, 1162, 4.666667, 0:01:08.146876, 152815
250, 5, 0, 0, True, 0.779405, 1162, 4.648000, 0:00:00.001755, 153224
251, 9, 9, 0, False, 0.778626, 1171, 4.665339, 0:01:07.488331, 154167
252, 9, 0, 3, True, 0.777847, 1171, 4.646825, 0:00:00.002381, 154751
253, 9, 0, 1, False, 0.777069, 1171, 4.628458, 0:01:09.337393, 155241
254, 10, 9, 2, True, 0.776292, 1180, 4.645669, 0:00:00.003076, 156024
255, 10, 0, 1, True, 0.775516, 1180, 4.627451, 0:00:00.002374, 156482
256, 8, 9, 1, True, 0.774740, 1189, 4.644531, 0:00:00.002646, 157097
257, 10, 9, 1, True, 0.773965, 1198, 4.661479, 0:00:00.003832, 157725
258, 12, 9, 1, True, 0.773191, 1207, 4.678295, 0:00:00.003648, 158281
259, 12, 0, 3, True, 0.772418, 1207, 4.660232, 0:00:00.004993, 158818
260, 10, 9, 3, False, 0.771646, 1216, 4.676923, 0:01:14.343430, 159426
261, 8, 9, 3, True, 0.770874, 1225, 4.693487, 0:00:00.009535, 160114
262, 10, 9, 2, True, 0.770103, 1234, 4.709924, 0:00:00.011289, 160710
263, 10, 0, 1, True, 0.769333, 1234, 4.692015, 0:00:00.005263, 161083
264, 8, 9, 0, True, 0.768564, 1243, 4.708333, 0:00:00.007333, 161712
265, 8, 0, 3, True, 0.767795, 1243, 4.690566, 0:00:00.005762, 162160
266, 10, 9, 1, True, 0.767028, 1252, 4.706767, 0:00:00.011312, 162664
267, 8, 9, 0, True, 0.766260, 1261, 4.722846, 0:00:00.007370, 163207
268, 8, 0, 3, False, 0.765494, 1261, 4.705224, 0:01:36.079371, 164484
269, 10, 9, 3, False, 0.764729, 1270, 4.721190, 0:01:01.454761, 164791
270, 9, 9, 0, True, 0.763964, 1279, 4.737037, 0:00:00.006362, 165436
271, 9, 0, 0, True, 0.763200, 1279, 4.719557, 0:00:00.002968, 165857
272, 9, 0, 0, True, 0.762437, 1279, 4.702206, 0:00:00.003367, 166240
273, 9, 0, 3, True, 0.761674, 1279, 4.684982, 0:00:00.002558, 166792
274, 9, 0, 3, True, 0.760913, 1279, 4.667883, 0:00:00.002668, 167339
275, 9, 0, 1, True, 0.760152, 1279, 4.650909, 0:00:00.001851, 167805
276, 10, 9, 1, True, 0.759392, 1288, 4.666667, 0:00:00.003670, 168492
277, 8, 9, 2, True, 0.758632, 1297, 4.682310, 0:00:00.002684, 169196
278, 5, 9, 1, False, 0.757874, 1306, 4.697842, 0:01:03.788536, 169611
279, 5, 0, 3, False, 0.757116, 1306, 4.681004, 0:01:08.201525, 170137
280, 5, 0, 3, False, 0.756359, 1306, 4.664286, 0:01:11.891923, 170692
281, 5, 0, 3, False, 0.755602, 1306, 4.647687, 0:01:06.500738, 171595
282, 5, 0, 3, True, 0.754847, 1306, 4.631206, 0:00:00.001823, 172021
283, 5, 0, 2, True, 0.754092, 1306, 4.614841, 0:00:00.002044, 172411
284, 10, 20, 3, True, 0.753338, 1326, 4.669014, 0:00:00.002982, 173133
285, 9, 9, 1, True, 0.752584, 1335, 4.684211, 0:00:00.002465, 173806
286, 10, 9, 0, True, 0.751832, 1344, 4.699301, 0:00:00.002593, 174414
287, 10, 0, 2, True, 0.751080, 1344, 4.682927, 0:00:00.003308, 174953
288, 10, 0, 2, True, 0.750329, 1344, 4.666667, 0:00:00.001863, 175482
289, 10, 0, 0, True, 0.749579, 1344, 4.650519, 0:00:00.001659, 175953
290, 10, 0, 3, True, 0.748829, 1344, 4.634483, 0:00:00.001890, 176469
291, 9, 9, 3, True, 0.748080, 1353, 4.649485, 0:00:00.003907, 177241
292, 9, 0, 1, True, 0.747332, 1353, 4.633562, 0:00:00.001588, 177681
293, 10, 9, 3, False, 0.746585, 1362, 4.648464, 0:01:04.117344, 178200
294, 9, 9, 0, True, 0.745838, 1371, 4.663265, 0:00:00.002890, 178778
295, 9, 0, 0, True, 0.745092, 1371, 4.647458, 0:00:00.002622, 179183
296, 9, 0, 1, True, 0.744347, 1371, 4.631757, 0:00:00.001893, 179549
297, 10, 9, 3, False, 0.743603, 1380, 4.646465, 0:01:05.945972, 180507
298, 9, 9, 2, True, 0.742859, 1389, 4.661074, 0:00:00.002749, 181204
299, 5, 9, 1, True, 0.742116, 1398, 4.675585, 0:00:00.002159, 181735
300, 5, 0, 3, False, 0.741374, 1398, 4.660000, 0:01:04.392772, 181951
301, 5, 0, 1, True, 0.740633, 1398, 4.644518, 0:00:00.001630, 182339
302, 5, 0, 1, True, 0.739892, 1398, 4.629139, 0:00:00.001869, 182709
303, 5, 0, 1, False, 0.739152, 1398, 4.613861, 0:01:06.108764, 183208
304, 5, 0, 3, False, 0.738413, 1398, 4.598684, 0:01:03.776788, 183840
305, 5, 0, 3, True, 0.737675, 1398, 4.583607, 0:00:00.002683, 184260
306, 5, 0, 0, True, 0.736937, 1398, 4.568627, 0:00:00.001969, 184583
307, 9, 9, 0, False, 0.736200, 1407, 4.583062, 0:01:06.863240, 185653
308, 9, 0, 0, True, 0.735464, 1407, 4.568182, 0:00:00.001918, 186114
309, 9, 0, 2, False, 0.734729, 1407, 4.553398, 0:01:02.684272, 186721
310, 5, 9, 1, False, 0.733994, 1416, 4.567742, 0:01:04.219522, 187860
311, 5, 0, 1, False, 0.733260, 1416, 4.553055, 0:01:06.751052, 188308
312, 5, 0, 0, True, 0.732527, 1416, 4.538462, 0:00:00.001454, 188691
313, 9, 9, 0, True, 0.731794, 1425, 4.552716, 0:00:00.002680, 189369
314, 9, 0, 0, True, 0.731062, 1425, 4.538217, 0:00:00.001772, 189819
315, 9, 0, 3, True, 0.730331, 1425, 4.523810, 0:00:00.001912, 190316
316, 9, 0, 1, False, 0.729601, 1425, 4.509494, 0:01:03.429938, 191206
317, 10, 9, 3, False, 0.728871, 1434, 4.523659, 0:01:02.372179, 191800
318, 9, 9, 1, True, 0.728142, 1443, 4.537736, 0:00:00.002910, 192419
319, 10, 9, 0, True, 0.727414, 1452, 4.551724, 0:00:00.002578, 193074
320, 10, 0, 3, False, 0.726687, 1452, 4.537500, 0:01:03.289632, 193696
321, 9, 9, 2, False, 0.725960, 1461, 4.551402, 0:01:05.803544, 194615
322, 5, 9, 3, False, 0.725234, 1470, 4.565217, 0:01:02.431565, 195106
323, 5, 0, 1, True, 0.724509, 1470, 4.551084, 0:00:00.001456, 195514
324, 5, 0, 2, True, 0.723784, 1470, 4.537037, 0:00:00.001741, 195969
325, 7, 9, 1, False, 0.723061, 1479, 4.550769, 0:01:02.403040, 197664
326, 7, 0, 2, True, 0.722338, 1479, 4.536810, 0:00:00.002583, 198080
327, 7, 0, 0, True, 0.721615, 1479, 4.522936, 0:00:00.001979, 198399
328, 5, 9, 3, True, 0.720894, 1488, 4.536585, 0:00:00.005891, 199088
329, 5, 0, 0, True, 0.720173, 1488, 4.522796, 0:00:00.004889, 199435
330, 9, 9, 2, False, 0.719453, 1497, 4.536364, 0:01:03.828339, 200119
331, 5, 9, 3, False, 0.718733, 1506, 4.549849, 0:01:07.537069, 200640
332, 5, 0, 0, True, 0.718014, 1506, 4.536145, 0:00:00.001711, 201013
333, 9, 9, 1, False, 0.717296, 1515, 4.549550, 0:01:02.875322, 201897
334, 10, 9, 3, False, 0.716579, 1524, 4.562874, 0:01:23.708428, 202447
335, 9, 9, 2, False, 0.715863, 1533, 4.576119, 0:01:21.025444, 203581
336, 5, 9, 3, False, 0.715147, 1542, 4.589286, 2:26:35.783925, 203872
337, 5, 0, 0, False, 0.714432, 1542, 4.575668, 0:01:11.484420, 204240
338, 9, 9, 2, True, 0.713717, 1551, 4.588757, 0:00:00.051884, 204905
339, 5, 9, 0, True, 0.713003, 1560, 4.601770, 0:00:00.003933, 205417
340, 9, 9, 1, True, 0.712290, 1569, 4.614706, 0:00:00.002549, 206171
341, 10, 9, 2, True, 0.711578, 1578, 4.627566, 0:00:00.002679, 206956
342, 10, 0, 1, True, 0.710867, 1578, 4.614035, 0:00:00.002821, 207400
343, 8, 9, 2, False, 0.710156, 1587, 4.626822, 0:01:02.806455, 208400
344, 5, 9, 2, True, 0.709445, 1596, 4.639535, 0:00:00.003038, 208907
345, 10, 20, 1, True, 0.708736, 1616, 4.684058, 0:00:00.002586, 209509
346, 8, 9, 0, True, 0.708027, 1625, 4.696532, 0:00:00.002392, 210182
347, 8, 0, 1, True, 0.707319, 1625, 4.682997, 0:00:00.002607, 210599
348, 10, 9, 3, True, 0.706612, 1634, 4.695402, 0:00:00.002735, 211215
349, 8, 9, 1, True, 0.705905, 1643, 4.707736, 0:00:00.002635, 211704
350, 10, 9, 1, False, 0.705199, 1652, 4.720000, 0:01:04.250978, 212584
351, 12, 9, 2, True, 0.704494, 1661, 4.732194, 0:00:00.003126, 213295
352, 5, 9, 3, True, 0.703790, 1670, 4.744318, 0:00:00.003238, 213909
353, 5, 0, 0, True, 0.703086, 1670, 4.730878, 0:00:00.001616, 214308
354, 12, 9, 0, True, 0.702383, 1679, 4.742938, 0:00:00.002775, 214990
355, 12, 0, 2, False, 0.701680, 1679, 4.729577, 0:01:04.903829, 215658
356, 5, 9, 1, True, 0.700979, 1688, 4.741573, 0:00:00.002368, 216210
357, 5, 0, 1, False, 0.700278, 1688, 4.728291, 0:01:03.454348, 216508
358, 5, 0, 1, False, 0.699578, 1688, 4.715084, 0:01:04.317713, 217111
359, 5, 0, 0, True, 0.698878, 1688, 4.701950, 0:00:00.001432, 217467
360, 12, 9, 1, True, 0.698179, 1697, 4.713889, 0:00:00.002632, 218160
361, 12, 0, 1, True, 0.697481, 1697, 4.700831, 0:00:00.001721, 218615
362, 12, 0, 2, False, 0.696783, 1697, 4.687845, 0:01:02.105557, 219206
363, 5, 9, 3, True, 0.696087, 1706, 4.699725, 0:00:00.002531, 219921
364, 5, 0, 0, True, 0.695391, 1706, 4.686813, 0:00:00.001432, 220313
365, 12, 9, 1, False, 0.694695, 1715, 4.698630, 0:01:02.893388, 220823
366, 12, 0, 1, True, 0.694000, 1715, 4.685792, 0:00:00.001871, 221268
367, 12, 0, 3, True, 0.693306, 1715, 4.673025, 0:00:00.002096, 221759
368, 10, 9, 1, False, 0.692613, 1724, 4.684783, 0:01:02.946297, 222614
369, 12, 9, 1, True, 0.691921, 1733, 4.696477, 0:00:00.002579, 223285
370, 12, 0, 0, True, 0.691229, 1733, 4.683784, 0:00:00.001642, 223713
371, 12, 0, 3, True, 0.690537, 1733, 4.671159, 0:00:00.002031, 224320
372, 10, 9, 3, True, 0.689847, 1742, 4.682796, 0:00:00.003998, 225154
373, 8, 9, 3, True, 0.689157, 1751, 4.694370, 0:00:00.002793, 225888
374, 10, 9, 1, True, 0.688468, 1760, 4.705882, 0:00:00.002369, 226473
375, 8, 9, 0, True, 0.687779, 1769, 4.717333, 0:00:00.002305, 226980
376, 8, 0, 3, True, 0.687092, 1769, 4.704787, 0:00:00.002798, 227462
377, 10, 9, 3, False, 0.686405, 1778, 4.716180, 0:01:03.812643, 228426
378, 9, 9, 2, True, 0.685718, 1787, 4.727513, 0:00:00.003157, 228951
379, 5, 9, 2, False, 0.685032, 1796, 4.738786, 0:01:04.871291, 229576
380, 7, 9, 1, True, 0.684347, 1805, 4.750000, 0:00:00.002126, 230049
381, 7, 0, 3, False, 0.683663, 1805, 4.737533, 0:01:04.009054, 231621
382, 7, 0, 3, True, 0.682979, 1805, 4.725131, 0:00:00.002395, 232105
383, 7, 0, 3, False, 0.682296, 1805, 4.712794, 0:01:03.022680, 233475
384, 7, 0, 2, True, 0.681614, 1805, 4.700521, 0:00:00.002312, 233923
385, 7, 0, 1, True, 0.680932, 1805, 4.688312, 0:00:00.001521, 234282
386, 7, 0, 1, True, 0.680252, 1805, 4.676166, 0:00:00.001518, 234615
387, 7, 0, 3, True, 0.679571, 1805, 4.664083, 0:00:00.001771, 235074
388, 7, 0, 1, True, 0.678892, 1805, 4.652062, 0:00:00.002513, 235485
389, 7, 0, 3, False, 0.678213, 1805, 4.640103, 0:01:03.179682, 235914
390, 7, 0, 1, True, 0.677535, 1805, 4.628205, 0:00:00.001716, 236308
391, 7, 0, 1, False, 0.676857, 1805, 4.616368, 0:01:03.182697, 237138
392, 7, 0, 3, False, 0.676180, 1805, 4.604592, 0:01:03.347726, 237577
393, 7, 0, 3, False, 0.675504, 1805, 4.592875, 0:01:02.857692, 238528
394, 7, 0, 0, True, 0.674829, 1805, 4.581218, 0:00:00.001514, 238909
395, 5, 9, 0, True, 0.674154, 1814, 4.592405, 0:00:00.002377, 239564
396, 9, 9, 2, True, 0.673480, 1823, 4.603535, 0:00:00.003817, 240367
397, 5, 9, 3, False, 0.672806, 1832, 4.614610, 0:01:05.730094, 240470
398, 5, 0, 3, True, 0.672133, 1832, 4.603015, 0:00:00.001999, 240894
399, 5, 0, 0, True, 0.671461, 1832, 4.591479, 0:00:00.001638, 241270
400, 9, 9, 1, True, 0.670790, 1841, 4.602500, 0:00:00.003378, 241905
401, 10, 9, 3, False, 0.670119, 1850, 4.613466, 0:01:03.950528, 242501
402, 9, 9, 0, True, 0.669449, 1859, 4.624378, 0:00:00.002658, 243063
403, 9, 0, 3, True, 0.668779, 1859, 4.612903, 0:00:00.002288, 243551
404, 9, 0, 0, True, 0.668111, 1859, 4.601485, 0:00:00.001806, 243999
405, 9, 0, 3, True, 0.667442, 1859, 4.590123, 0:00:00.002028, 244559
406, 9, 0, 2, False, 0.666775, 1859, 4.578818, 0:01:03.089067, 245285
407, 5, 9, 2, False, 0.666108, 1868, 4.589681, 0:01:03.180401, 246060
408, 7, 9, 3, True, 0.665442, 1877, 4.600490, 0:00:00.002383, 246743
409, 7, 0, 2, True, 0.664777, 1877, 4.589242, 0:00:00.001888, 247228
410, 7, 0, 1, False, 0.664112, 1877, 4.578049, 0:01:03.261740, 248329
411, 7, 0, 3, False, 0.663448, 1877, 4.566910, 0:01:03.025583, 249394
412, 7, 0, 2, True, 0.662784, 1877, 4.555825, 0:00:00.002049, 249821
413, 7, 0, 3, True, 0.662122, 1877, 4.544794, 0:00:00.002056, 250284
414, 7, 0, 0, True, 0.661459, 1877, 4.533816, 0:00:00.001503, 250673
415, 5, 9, 3, True, 0.660798, 1886, 4.544578, 0:00:00.002572, 251403
416, 5, 0, 2, False, 0.660137, 1886, 4.533654, 0:01:02.578582, 251137
417, 7, 9, 0, True, 0.659477, 1895, 4.544365, 0:00:00.002476, 251742
418, 5, 9, 0, True, 0.658818, 1904, 4.555024, 0:00:00.002317, 252373
419, 9, 9, 3, True, 0.658159, 1913, 4.565632, 0:00:00.003543, 253165
420, 9, 0, 2, False, 0.657501, 1913, 4.554762, 0:01:03.274285, 253489
421, 5, 9, 2, True, 0.656843, 1922, 4.565321, 0:00:00.002636, 254195
422, 7, 9, 2, True, 0.656186, 1931, 4.575829, 0:00:00.002626, 254824
423, 7, 0, 3, True, 0.655530, 1931, 4.565012, 0:00:00.002925, 255298
424, 7, 0, 1, True, 0.654875, 1931, 4.554245, 0:00:00.001513, 255713
425, 7, 0, 0, True, 0.654220, 1931, 4.543529, 0:00:00.001481, 256103
426, 5, 9, 3, False, 0.653565, 1940, 4.553991, 0:01:05.668300, 256635
427, 5, 0, 0, True, 0.652912, 1940, 4.543326, 0:00:00.001609, 257013
428, 9, 9, 2, True, 0.652259, 1949, 4.553738, 0:00:00.003189, 257714
429, 5, 9, 0, True, 0.651607, 1958, 4.564103, 0:00:00.003538, 258218
430, 9, 9, 2, True, 0.650955, 1967, 4.574419, 0:00:00.003026, 258783
431, 5, 9, 0, True, 0.650304, 1976, 4.584687, 0:00:00.002473, 259355
432, 9, 9, 0, True, 0.649654, 1985, 4.594907, 0:00:00.002785, 259984
433, 9, 0, 3, False, 0.649004, 1985, 4.584296, 0:01:03.869541, 260838
434, 9, 0, 2, False, 0.648355, 1985, 4.573733, 0:01:04.247973, 261781
435, 5, 9, 1, False, 0.647707, 1994, 4.583908, 0:01:02.910777, 262441
436, 5, 0, 2, True, 0.647059, 1994, 4.573394, 0:00:00.001760, 262859
437, 7, 9, 1, True, 0.646412, 2003, 4.583524, 0:00:00.002283, 263453
438, 7, 0, 3, False, 0.645766, 2003, 4.573059, 0:01:05.548977, 264655
439, 7, 0, 3, False, 0.645120, 2003, 4.562642, 0:01:04.619190, 265629
440, 7, 0, 3, False, 0.644475, 2003, 4.552273, 0:01:02.971008, 266436
441, 7, 0, 3, False, 0.643830, 2003, 4.541950, 0:01:06.103880, 267280
442, 7, 0, 3, True, 0.643186, 2003, 4.531674, 0:00:00.001662, 267692
443, 7, 0, 3, True, 0.642543, 2003, 4.521445, 0:00:00.001644, 268073
444, 7, 0, 2, True, 0.641901, 2003, 4.511261, 0:00:00.001522, 268418
445, 7, 0, 2, False, 0.641259, 2003, 4.501124, 0:01:06.957167, 269236
446, 7, 0, 0, True, 0.640618, 2003, 4.491031, 0:00:00.001570, 269646
447, 5, 9, 2, True, 0.639977, 2012, 4.501119, 0:00:00.002789, 270375
448, 7, 9, 0, True, 0.639337, 2021, 4.511161, 0:00:00.002339, 270995
449, 5, 9, 3, True, 0.638698, 2030, 4.521158, 0:00:00.003842, 271641
450, 5, 0, 0, True, 0.638059, 2030, 4.511111, 0:00:00.001478, 272046
451, 9, 9, 0, True, 0.637421, 2039, 4.521064, 0:00:00.002580, 272709
452, 9, 0, 0, True, 0.636783, 2039, 4.511062, 0:00:00.001737, 273155
453, 9, 0, 2, False, 0.636147, 2039, 4.501104, 0:01:03.781575, 272807
454, 5, 9, 0, True, 0.635511, 2048, 4.511013, 0:00:00.002287, 273288
455, 9, 9, 0, True, 0.634875, 2057, 4.520879, 0:00:00.003006, 273980
456, 9, 0, 1, True, 0.634240, 2057, 4.510965, 0:00:00.001792, 274403
457, 10, 9, 2, True, 0.633606, 2066, 4.520788, 0:00:00.002882, 275122
458, 10, 0, 1, False, 0.632972, 2066, 4.510917, 0:01:03.042480, 275243
459, 8, 9, 2, False, 0.632339, 2075, 4.520697, 0:01:03.515371, 275746
460, 5, 9, 0, False, 0.631707, 2084, 4.530435, 0:01:03.514926, 276262
461, 8, 9, 1, True, 0.631075, 2093, 4.540130, 0:00:00.002746, 276987
462, 10, 9, 1, True, 0.630444, 2102, 4.549784, 0:00:00.002976, 277695
463, 12, 9, 3, False, 0.629814, 2111, 4.559395, 0:01:03.879093, 278257
464, 10, 9, 1, False, 0.629184, 2120, 4.568966, 0:01:02.932935, 278859
465, 12, 9, 2, False, 0.628555, 2129, 4.578495, 0:01:03.812969, 279947
466, 5, 9, 1, False, 0.627926, 2138, 4.587983, 0:01:06.591761, 280592
467, 5, 0, 1, False, 0.627298, 2138, 4.578158, 0:01:05.646491, 280986
468, 5, 0, 1, False, 0.626671, 2138, 4.568376, 0:01:03.617369, 281444
469, 5, 0, 3, True, 0.626044, 2138, 4.558635, 0:00:00.001769, 281858
470, 5, 0, 0, False, 0.625418, 2138, 4.548936, 0:01:04.358963, 282013
471, 12, 9, 2, False, 0.624793, 2147, 4.558386, 0:01:04.466240, 282762
472, 5, 9, 3, True, 0.624168, 2156, 4.567797, 0:00:00.002974, 283468
473, 5, 0, 3, True, 0.623544, 2156, 4.558140, 0:00:00.001933, 283915
474, 5, 0, 3, True, 0.622920, 2156, 4.548523, 0:00:00.001796, 284380
475, 5, 0, 0, False, 0.622297, 2156, 4.538947, 0:01:03.996699, 284833
476, 12, 9, 3, False, 0.621675, 2165, 4.548319, 0:01:03.257110, 285671
477, 10, 9, 1, False, 0.621053, 2174, 4.557652, 0:01:03.480059, 286178
478, 12, 9, 2, True, 0.620432, 2183, 4.566946, 0:00:00.003229, 286828
479, 5, 9, 2, True, 0.619812, 2192, 4.576200, 0:00:00.002558, 287329
480, 7, 9, 3, False, 0.619192, 2201, 4.585417, 0:01:05.676236, 288786
481, 7, 0, 1, True, 0.618573, 2201, 4.575884, 0:00:00.001700, 289148
482, 7, 0, 2, True, 0.617954, 2201, 4.566390, 0:00:00.001979, 289617
483, 7, 0, 3, True, 0.617336, 2201, 4.556936, 0:00:00.001934, 290082
484, 7, 0, 1, True, 0.616719, 2201, 4.547521, 0:00:00.001616, 290462
485, 7, 0, 3, True, 0.616102, 2201, 4.538144, 0:00:00.001845, 290871
486, 7, 0, 3, True, 0.615486, 2201, 4.528807, 0:00:00.003582, 291330
487, 7, 0, 3, True, 0.614871, 2201, 4.519507, 0:00:00.001881, 291768
488, 7, 0, 3, False, 0.614256, 2201, 4.510246, 0:01:07.206787, 292498
489, 7, 0, 2, True, 0.613642, 2201, 4.501022, 0:00:00.002662, 292886
490, 7, 0, 3, True, 0.613028, 2201, 4.491837, 0:00:00.001829, 293239
491, 7, 0, 3, True, 0.612415, 2201, 4.482688, 0:00:00.001878, 293673
492, 7, 0, 1, True, 0.611803, 2201, 4.473577, 0:00:00.001498, 294070
493, 7, 0, 1, True, 0.611191, 2201, 4.464503, 0:00:00.001557, 294459
494, 7, 0, 1, True, 0.610580, 2201, 4.455466, 0:00:00.001493, 294829
495, 7, 0, 0, True, 0.609969, 2201, 4.446465, 0:00:00.002779, 295217
496, 5, 9, 3, True, 0.609359, 2210, 4.455645, 0:00:00.002740, 295919
497, 5, 0, 0, True, 0.608750, 2210, 4.446680, 0:00:00.001499, 296274
498, 12, 9, 2, False, 0.608141, 2219, 4.455823, 0:01:03.958496, 296898
499, 5, 9, 1, True, 0.607533, 2228, 4.464930, 0:00:00.002465, 297460
500, 5, 0, 3, True, 0.606925, 2228, 4.456000, 0:00:00.001946, 297900
501, 5, 0, 0, False, 0.606318, 2228, 4.447106, 0:01:03.497346, 297929
502, 12, 9, 0, True, 0.605712, 2237, 4.456175, 0:00:00.002295, 298618
503, 12, 0, 2, False, 0.605106, 2237, 4.447316, 0:01:04.189779, 299618
504, 5, 9, 0, False, 0.604501, 2246, 4.456349, 0:01:03.843542, 300280
505, 12, 9, 2, True, 0.603897, 2255, 4.465347, 0:00:00.002893, 300879
 506, 5, 9, 1, False, 0.603293, 2264, 4.474308, 0:01:04.767181, 301376
507, 5, 0, 1, False, 0.602689, 2264, 4.465483, 0:01:04.311466, 301664
508, 5, 0, 3, True, 0.602087, 2264, 4.456693, 0:00:00.002173, 302079
509, 5, 0, 1, True, 0.601485, 2264, 4.447937, 0:00:00.001659, 302422
510, 5, 0, 2, False, 0.600883, 2264, 4.439216, 0:01:04.105402, 302920
511, 7, 9, 3, True, 0.600282, 2273, 4.448141, 0:00:00.003316, 303526
512, 7, 0, 3, False, 0.599682, 2273, 4.439453, 0:01:07.544948, 304573
513, 7, 0, 3, False, 0.599082, 2273, 4.430799, 0:01:05.520987, 305311
514, 7, 0, 3, False, 0.598483, 2273, 4.422179, 0:01:03.884654, 306174
515, 7, 0, 1, True, 0.597885, 2273, 4.413592, 0:00:00.001380, 306528
516, 7, 0, 3, False, 0.597287, 2273, 4.405039, 0:01:04.067664, 307475
517, 7, 0, 3, False, 0.596690, 2273, 4.396518, 0:01:04.617506, 307950
518, 7, 0, 0, True, 0.596093, 2273, 4.388031, 0:00:00.001269, 308300
519, 5, 9, 2, False, 0.595497, 2282, 4.396917, 0:01:04.449014, 308634
520, 7, 9, 0, True, 0.594901, 2291, 4.405769, 0:00:00.002549, 309252
521, 5, 9, 1, False, 0.594306, 2300, 4.414587, 0:01:05.069168, 309566
522, 5, 0, 2, True, 0.593712, 2300, 4.406130, 0:00:00.001773, 309971
523, 7, 9, 2, False, 0.593118, 2309, 4.414914, 0:01:04.604938, 311253
524, 7, 0, 1, True, 0.592525, 2309, 4.406489, 0:00:00.001764, 311625
525, 7, 0, 2, True, 0.591933, 2309, 4.398095, 0:00:00.002206, 312117
526, 7, 0, 3, False, 0.591341, 2309, 4.389734, 0:01:05.892515, 313077
527, 7, 0, 1, True, 0.590750, 2309, 4.381404, 0:00:00.001549, 313437
528, 7, 0, 3, True, 0.590159, 2309, 4.373106, 0:00:00.001821, 313834
529, 7, 0, 1, True, 0.589569, 2309, 4.364839, 0:00:00.001945, 314160
530, 7, 0, 0, True, 0.588979, 2309, 4.356604, 0:00:00.001481, 314509
531, 5, 9, 3, True, 0.588390, 2318, 4.365348, 0:00:00.002630, 315185
532, 5, 0, 0, True, 0.587802, 2318, 4.357143, 0:00:00.001494, 315526
533, 12, 9, 0, True, 0.587214, 2327, 4.365854, 0:00:00.002613, 316080
534, 12, 0, 3, True, 0.586627, 2327, 4.357678, 0:00:00.003521, 316550
535, 10, 9, 0, True, 0.586040, 2336, 4.366355, 0:00:00.002724, 317267
536, 10, 0, 1, True, 0.585454, 2336, 4.358209, 0:00:00.001920, 317720
537, 12, 9, 0, True, 0.584869, 2345, 4.366853, 0:00:00.003972, 318390
538, 12, 0, 2, False, 0.584284, 2345, 4.358736, 0:01:07.437969, 319011
539, 5, 9, 1, True, 0.583699, 2354, 4.367347, 0:00:00.002707, 319562
540, 5, 0, 0, True, 0.583116, 2354, 4.359259, 0:00:00.002151, 319873
541, 12, 9, 1, True, 0.582533, 2363, 4.367837, 0:00:00.003052, 320578
542, 12, 0, 2, False, 0.581950, 2363, 4.359779, 0:01:04.468329, 320602
543, 5, 9, 0, False, 0.581368, 2372, 4.368324, 0:01:04.595401, 321317
544, 12, 9, 1, True, 0.580787, 2381, 4.376838, 0:00:00.002841, 322004
545, 12, 0, 1, True, 0.580206, 2381, 4.368807, 0:00:00.001807, 322453
546, 12, 0, 2, False, 0.579626, 2381, 4.360806, 0:01:04.534373, 323121
547, 5, 9, 1, True, 0.579046, 2390, 4.369287, 0:00:00.002292, 323650
548, 5, 0, 2, False, 0.578467, 2390, 4.361314, 0:01:04.690076, 323883
549, 7, 9, 1, False, 0.577889, 2399, 4.369763, 0:01:04.566206, 325040
550, 7, 0, 3, False, 0.577311, 2399, 4.361818, 0:01:04.829988, 326061
551, 7, 0, 0, True, 0.576733, 2399, 4.353902, 0:00:00.001475, 326373
552, 5, 9, 2, True, 0.576157, 2408, 4.362319, 0:00:00.002942, 327048
553, 7, 9, 2, True, 0.575580, 2417, 4.370705, 0:00:00.002532, 327654
554, 7, 0, 3, True, 0.575005, 2417, 4.362816, 0:00:00.001916, 328089
555, 7, 0, 2, True, 0.574430, 2417, 4.354955, 0:00:00.001680, 328486
556, 7, 0, 2, True, 0.573855, 2417, 4.347122, 0:00:00.002943, 328944
557, 7, 0, 0, True, 0.573282, 2417, 4.339318, 0:00:00.001454, 329322
558, 5, 9, 1, True, 0.572708, 2426, 4.347670, 0:00:00.002282, 329875
559, 5, 0, 2, False, 0.572136, 2426, 4.339893, 0:01:03.919589, 329796
560, 7, 9, 2, False, 0.571563, 2435, 4.348214, 0:01:06.372306, 330242
561, 7, 0, 1, True, 0.570992, 2435, 4.340463, 0:00:00.001612, 330571
562, 7, 0, 3, True, 0.570421, 2435, 4.332740, 0:00:00.001922, 330932
563, 7, 0, 3, False, 0.569851, 2435, 4.325044, 0:01:07.633557, 332064
564, 7, 0, 3, False, 0.569281, 2435, 4.317376, 0:01:04.701684, 333005
565, 7, 0, 2, False, 0.568711, 2435, 4.309735, 0:01:04.173433, 333678
566, 7, 0, 3, False, 0.568143, 2435, 4.302120, 0:01:04.743772, 334199
567, 7, 0, 3, False, 0.567575, 2435, 4.294533, 0:01:04.439032, 334611
568, 7, 0, 2, True, 0.567007, 2435, 4.286972, 0:00:00.001853, 334922
569, 7, 0, 3, True, 0.566440, 2435, 4.279438, 0:00:00.001764, 335343
570, 7, 0, 3, False, 0.565874, 2435, 4.271930, 0:01:04.207917, 336149
571, 7, 0, 2, False, 0.565308, 2435, 4.264448, 0:01:04.664312, 336751
572, 7, 0, 2, True, 0.564742, 2435, 4.256993, 0:00:00.001870, 337091
573, 7, 0, 3, False, 0.564178, 2435, 4.249564, 0:01:06.467937, 337668
574, 7, 0, 1, False, 0.563613, 2435, 4.242160, 0:01:08.371352, 338217
575, 7, 0, 2, True, 0.563050, 2435, 4.234783, 0:00:00.001771, 338671
576, 7, 0, 2, False, 0.562487, 2435, 4.227431, 0:01:05.674898, 338938
577, 7, 0, 2, True, 0.561924, 2435, 4.220104, 0:00:00.002153, 339395
578, 7, 0, 3, False, 0.561362, 2435, 4.212803, 0:01:05.611739, 340326
579, 7, 0, 0, True, 0.560801, 2435, 4.205527, 0:00:00.001635, 340702
580, 5, 9, 0, False, 0.560240, 2444, 4.213793, 0:01:05.158897, 340625
581, 12, 9, 3, False, 0.559680, 2453, 4.222031, 0:01:05.705925, 341517
582, 10, 9, 3, False, 0.559120, 2462, 4.230241, 0:01:05.001376, 341721
583, 8, 9, 2, True, 0.558561, 2471, 4.238422, 0:00:00.003003, 342324
584, 5, 9, 2, True, 0.558003, 2480, 4.246575, 0:00:00.002441, 342960
585, 10, 20, 1, True, 0.557445, 2500, 4.273504, 0:00:00.002701, 343570
586, 8, 9, 2, False, 0.556887, 2509, 4.281570, 0:01:04.461756, 344606
587, 5, 9, 0, False, 0.556330, 2518, 4.289608, 0:01:05.128015, 344906
588, 8, 9, 2, True, 0.555774, 2527, 4.297619, 0:00:00.002799, 345495
589, 5, 9, 1, True, 0.555218, 2536, 4.305603, 0:00:00.002165, 346120
590, 5, 0, 3, True, 0.554663, 2536, 4.298305, 0:00:00.001511, 346548
591, 5, 0, 0, False, 0.554108, 2536, 4.291032, 0:01:04.305232, 346867
592, 8, 9, 2, False, 0.553554, 2545, 4.298986, 0:01:04.986774, 348062
593, 5, 9, 0, True, 0.553001, 2554, 4.306914, 0:00:00.002415, 348637
594, 8, 9, 3, True, 0.552448, 2563, 4.314815, 0:00:00.002849, 349368
595, 10, 9, 3, False, 0.551895, 2572, 4.322689, 0:01:03.899564, 349588
596, 9, 9, 2, False, 0.551343, 2581, 4.330537, 0:01:06.788823, 350433
597, 5, 9, 0, True, 0.550792, 2590, 4.338358, 0:00:00.002836, 350962
598, 9, 9, 3, True, 0.550241, 2599, 4.346154, 0:00:00.003272, 351689
599, 9, 0, 0, True, 0.549691, 2599, 4.338898, 0:00:00.002044, 352106
600, 9, 0, 2, False, 0.549141, 2599, 4.331667, 0:01:09.982136, 352945
601, 5, 9, 1, True, 0.548592, 2608, 4.339434, 0:00:00.002547, 353572
602, 5, 0, 2, True, 0.548043, 2608, 4.332226, 0:00:00.001737, 353998
603, 7, 9, 0, True, 0.547495, 2617, 4.339967, 0:00:00.002989, 354544
604, 5, 9, 0, False, 0.546948, 2626, 4.347682, 0:01:06.517952, 354791
605, 9, 9, 2, False, 0.546401, 2635, 4.355372, 0:01:04.166084, 355469
606, 5, 9, 2, True, 0.545855, 2644, 4.363036, 0:00:00.002793, 356095
607, 7, 9, 0, True, 0.545309, 2653, 4.370675, 0:00:00.002427, 356676
608, 5, 9, 0, True, 0.544763, 2662, 4.378289, 0:00:00.002406, 357200
609, 9, 9, 2, False, 0.544219, 2671, 4.385878, 0:01:05.183740, 358229
610, 5, 9, 0, False, 0.543674, 2680, 4.393443, 0:01:04.872540, 358739
611, 9, 9, 2, True, 0.543131, 2689, 4.400982, 0:00:00.004207, 359361
612, 5, 9, 0, False, 0.542588, 2698, 4.408497, 0:01:05.030033, 359909
613, 9, 9, 2, True, 0.542045, 2707, 4.415987, 0:00:00.002988, 360430
614, 5, 9, 3, True, 0.541503, 2716, 4.423453, 0:00:00.002549, 360915
615, 5, 0, 1, True, 0.540961, 2716, 4.416260, 0:00:00.001541, 361231
616, 5, 0, 1, False, 0.540421, 2716, 4.409091, 0:01:05.293855, 361811
617, 5, 0, 2, False, 0.539880, 2716, 4.401945, 0:01:04.986204, 362462
618, 7, 9, 1, False, 0.539340, 2725, 4.409385, 0:01:05.268673, 363601
619, 7, 0, 3, False, 0.538801, 2725, 4.402262, 0:01:05.311025, 364447
620, 7, 0, 0, True, 0.538262, 2725, 4.395161, 0:00:00.001680, 364793
621, 5, 9, 0, False, 0.537724, 2734, 4.402576, 0:01:05.461101, 364443
622, 9, 9, 3, True, 0.537186, 2743, 4.409968, 0:00:00.002742, 365103
623, 9, 0, 3, True, 0.536649, 2743, 4.402889, 0:00:00.002303, 365596
624, 9, 0, 3, True, 0.536112, 2743, 4.395833, 0:00:00.001869, 366117
625, 9, 0, 2, True, 0.535576, 2743, 4.388800, 0:00:00.001980, 366607
626, 5, 9, 0, False, 0.535041, 2752, 4.396166, 0:01:04.690271, 367784
627, 9, 9, 2, False, 0.534506, 2761, 4.403509, 0:01:07.392003, 368723
628, 5, 9, 1, True, 0.533971, 2770, 4.410828, 0:00:00.002773, 369267
629, 5, 0, 2, False, 0.533437, 2770, 4.403816, 0:01:08.086637, 369460
630, 7, 9, 1, False, 0.532904, 2779, 4.411111, 0:01:06.142025, 370706
631, 7, 0, 2, False, 0.532371, 2779, 4.404120, 0:01:05.352659, 371564
632, 7, 0, 0, True, 0.531838, 2779, 4.397152, 0:00:00.002132, 371913
633, 5, 9, 2, False, 0.531306, 2788, 4.404423, 0:01:05.574767, 371670
634, 7, 9, 2, True, 0.530775, 2797, 4.411672, 0:00:00.002978, 372319
635, 7, 0, 1, False, 0.530244, 2797, 4.404724, 0:01:05.078093, 373315
636, 7, 0, 2, False, 0.529714, 2797, 4.397799, 0:01:06.013941, 374058
637, 7, 0, 3, False, 0.529184, 2797, 4.390895, 0:01:05.227175, 374967
638, 7, 0, 1, True, 0.528655, 2797, 4.384013, 0:00:00.001546, 375280
639, 7, 0, 3, False, 0.528127, 2797, 4.377152, 0:01:05.763424, 375495
640, 7, 0, 3, False, 0.527598, 2797, 4.370312, 0:01:05.061730, 376075
641, 7, 0, 2, True, 0.527071, 2797, 4.363495, 0:00:00.001684, 376428
642, 7, 0, 1, False, 0.526544, 2797, 4.356698, 0:01:04.790078, 376862
643, 7, 0, 2, False, 0.526017, 2797, 4.349922, 0:01:06.101868, 377417
644, 7, 0, 3, False, 0.525491, 2797, 4.343168, 0:01:04.997454, 378013
645, 7, 0, 2, False, 0.524966, 2797, 4.336434, 0:01:06.294418, 378418
646, 7, 0, 2, True, 0.524441, 2797, 4.329721, 0:00:00.001882, 378857
647, 7, 0, 1, True, 0.523916, 2797, 4.323029, 0:00:00.001359, 379207
648, 7, 0, 3, False, 0.523392, 2797, 4.316358, 0:01:09.298522, 380346
649, 7, 0, 1, True, 0.522869, 2797, 4.309707, 0:00:00.001622, 380728
650, 7, 0, 3, False, 0.522346, 2797, 4.303077, 0:01:07.022875, 381197
651, 7, 0, 0, True, 0.521824, 2797, 4.296467, 0:00:00.001609, 381553
652, 5, 9, 1, True, 0.521302, 2806, 4.303681, 0:00:00.002449, 382168
653, 5, 0, 1, True, 0.520781, 2806, 4.297090, 0:00:00.001494, 382531
654, 5, 0, 1, False, 0.520260, 2806, 4.290520, 0:01:05.706443, 382442
655, 5, 0, 2, True, 0.519740, 2806, 4.283969, 0:00:00.001673, 382874
656, 7, 9, 3, True, 0.519220, 2815, 4.291159, 0:00:00.002331, 383510
657, 7, 0, 2, True, 0.518701, 2815, 4.284627, 0:00:00.001928, 383935
658, 7, 0, 3, False, 0.518182, 2815, 4.278116, 0:01:04.839824, 384684
659, 7, 0, 3, True, 0.517664, 2815, 4.271624, 0:00:00.002022, 385142
660, 7, 0, 2, False, 0.517146, 2815, 4.265152, 0:01:05.510350, 385417
661, 7, 0, 2, False, 0.516629, 2815, 4.258699, 0:01:05.211409, 386139
662, 7, 0, 3, False, 0.516112, 2815, 4.252266, 0:01:05.773567, 386374
663, 7, 0, 2, False, 0.515596, 2815, 4.245852, 0:01:05.487782, 386879
664, 7, 0, 2, False, 0.515081, 2815, 4.239458, 0:01:06.714101, 387684
665, 7, 0, 3, False, 0.514566, 2815, 4.233083, 0:01:05.994089, 388078
666, 7, 0, 3, False, 0.514051, 2815, 4.226727, 0:01:05.954287, 388549
667, 7, 0, 0, True, 0.513537, 2815, 4.220390, 0:00:00.001645, 388925
668, 5, 9, 0, True, 0.513023, 2824, 4.227545, 0:00:00.002473, 389507
669, 9, 9, 2, False, 0.512510, 2833, 4.234679, 0:01:05.522773, 389551
670, 5, 9, 2, True, 0.511998, 2842, 4.241791, 0:00:00.002644, 390059
671, 7, 9, 3, False, 0.511486, 2851, 4.248882, 0:01:05.064344, 390802
672, 7, 0, 1, True, 0.510974, 2851, 4.242560, 0:00:00.001626, 391149
673, 7, 0, 2, False, 0.510463, 2851, 4.236256, 0:01:06.601598, 391596
674, 7, 0, 3, False, 0.509953, 2851, 4.229970, 0:01:08.434088, 392324
675, 7, 0, 1, True, 0.509443, 2851, 4.223704, 0:00:00.001608, 392607
676, 7, 0, 1, True, 0.508934, 2851, 4.217456, 0:00:00.001530, 392865
677, 7, 0, 3, False, 0.508425, 2851, 4.211226, 0:01:07.942680, 393219
678, 7, 0, 2, False, 0.507916, 2851, 4.205015, 0:01:07.004471, 393515
679, 7, 0, 1, True, 0.507408, 2851, 4.198822, 0:00:00.001943, 393886
680, 7, 0, 0, True, 0.506901, 2851, 4.192647, 0:00:00.001834, 394243
681, 5, 9, 0, True, 0.506394, 2860, 4.199706, 0:00:00.002541, 394903
682, 9, 9, 2, False, 0.505888, 2869, 4.206745, 0:01:06.021262, 395769
683, 5, 9, 3, True, 0.505382, 2878, 4.213763, 0:00:00.002977, 396342
684, 5, 0, 2, True, 0.504876, 2878, 4.207602, 0:00:00.002325, 396679
685, 7, 9, 3, False, 0.504371, 2887, 4.214599, 0:01:06.674264, 397632
686, 7, 0, 2, False, 0.503867, 2887, 4.208455, 0:01:05.662516, 397876
687, 7, 0, 3, False, 0.503363, 2887, 4.202329, 0:01:09.051428, 398487
688, 7, 0, 1, True, 0.502860, 2887, 4.196221, 0:00:00.001632, 398810
689, 7, 0, 1, False, 0.502357, 2887, 4.190131, 0:01:06.525863, 399224
690, 7, 0, 2, False, 0.501855, 2887, 4.184058, 0:01:06.173113, 400110
691, 7, 0, 2, False, 0.501353, 2887, 4.178003, 0:01:07.459183, 400737
692, 7, 0, 3, True, 0.500851, 2887, 4.171965, 0:00:00.002290, 401168
693, 7, 0, 3, False, 0.500351, 2887, 4.165945, 0:01:06.304440, 401524
694, 7, 0, 2, True, 0.499850, 2887, 4.159942, 0:00:00.001814, 401923
695, 7, 0, 2, True, 0.499350, 2887, 4.153957, 0:00:00.001914, 402336
696, 7, 0, 3, False, 0.498851, 2887, 4.147989, 0:01:05.605531, 402854
697, 7, 0, 1, False, 0.498352, 2887, 4.142037, 0:01:05.683884, 403125
698, 7, 0, 2, True, 0.497854, 2887, 4.136103, 0:00:00.001879, 403435
699, 7, 0, 3, True, 0.497356, 2887, 4.130186, 0:00:00.001545, 403708
700, 7, 0, 2, False, 0.496859, 2887, 4.124286, 0:01:05.650117, 404509
701, 7, 0, 3, False, 0.496362, 2887, 4.118402, 0:01:07.683000, 405004
702, 7, 0, 3, True, 0.495865, 2887, 4.112536, 0:00:00.001894, 405453
703, 7, 0, 2, False, 0.495370, 2887, 4.106686, 0:02:53.157562, 406094
704, 7, 0, 2, False, 0.494874, 2887, 4.100852, 0:03:42.287698, 406552
705, 7, 0, 3, False, 0.494379, 2887, 4.095035, 0:01:04.141397, 406904
706, 7, 0, 3, False, 0.493885, 2887, 4.089235, 0:01:01.564071, 407325
707, 7, 0, 3, False, 0.493391, 2887, 4.083451, 0:01:02.123256, 407735
708, 7, 0, 1, False, 0.492898, 2887, 4.077684, 0:01:07.663846, 408499
709, 7, 0, 0, True, 0.492405, 2887, 4.071932, 0:00:00.001387, 408846
710, 5, 9, 1, True, 0.491912, 2896, 4.078873, 0:00:00.002118, 409423
711, 5, 0, 1, True, 0.491420, 2896, 4.073136, 0:00:00.001393, 409797
712, 5, 0, 2, False, 0.490929, 2896, 4.067416, 0:01:08.959705, 409751
713, 7, 9, 2, False, 0.490438, 2905, 4.074334, 0:01:09.805359, 410553
714, 7, 0, 2, False, 0.489948, 2905, 4.068627, 0:01:09.446947, 411689
715, 7, 0, 3, False, 0.489458, 2905, 4.062937, 0:01:09.326453, 412067
716, 7, 0, 3, False, 0.488968, 2905, 4.057263, 0:01:13.971725, 412437
717, 7, 0, 3, False, 0.488479, 2905, 4.051604, 0:01:08.433136, 412881
718, 7, 0, 3, False, 0.487991, 2905, 4.045961, 0:01:06.290015, 413488
719, 7, 0, 2, False, 0.487503, 2905, 4.040334, 0:01:05.461994, 413757
720, 7, 0, 1, True, 0.487015, 2905, 4.034722, 0:00:00.001493, 414064
721, 7, 0, 0, True, 0.486528, 2905, 4.029126, 0:00:00.001363, 414337
722, 5, 9, 3, True, 0.486042, 2914, 4.036011, 0:00:00.002704, 414944
723, 5, 0, 3, True, 0.485556, 2914, 4.030429, 0:00:00.001610, 415391
724, 5, 0, 0, True, 0.485070, 2914, 4.024862, 0:00:00.001600, 415757
725, 9, 9, 2, False, 0.484585, 2923, 4.031724, 0:01:03.590904, 416293
726, 5, 9, 1, True, 0.484101, 2932, 4.038567, 0:00:00.002005, 416869
727, 5, 0, 2, True, 0.483616, 2932, 4.033012, 0:00:00.001507, 417290
728, 7, 9, 3, True, 0.483133, 2941, 4.039835, 0:00:00.002259, 417860
729, 7, 0, 3, False, 0.482650, 2941, 4.034294, 0:01:05.517182, 418666
730, 7, 0, 2, False, 0.482167, 2941, 4.028767, 0:01:03.006374, 418941
731, 7, 0, 1, True, 0.481685, 2941, 4.023256, 0:00:00.001199, 419325
732, 7, 0, 2, False, 0.481203, 2941, 4.017760, 0:01:04.762027, 419944
733, 7, 0, 2, False, 0.480722, 2941, 4.012278, 0:01:03.985555, 420510
734, 7, 0, 2, True, 0.480241, 2941, 4.006812, 0:00:00.001512, 420947
735, 7, 0, 2, True, 0.479761, 2941, 4.001361, 0:00:00.001422, 421366
736, 7, 0, 2, True, 0.479281, 2941, 3.995924, 0:00:00.001509, 421819
737, 7, 0, 3, False, 0.478802, 2941, 3.990502, 0:01:01.564428, 422602
738, 7, 0, 2, False, 0.478323, 2941, 3.985095, 0:01:04.616016, 422712
739, 7, 0, 2, False, 0.477845, 2941, 3.979702, 0:01:09.428364, 423423
740, 7, 0, 3, True, 0.477367, 2941, 3.974324, 0:00:00.001433, 423800
741, 7, 0, 2, False, 0.476890, 2941, 3.968961, 0:01:09.049912, 424014
742, 7, 0, 3, False, 0.476413, 2941, 3.963612, 0:01:10.971612, 424565
743, 7, 0, 1, True, 0.475936, 2941, 3.958277, 0:00:00.001242, 424912
744, 7, 0, 3, True, 0.475460, 2941, 3.952957, 0:00:00.001467, 425331
745, 7, 0, 2, True, 0.474985, 2941, 3.947651, 0:00:00.001550, 425729
746, 7, 0, 2, False, 0.474510, 2941, 3.942359, 0:01:04.886903, 426205
747, 7, 0, 3, False, 0.474035, 2941, 3.937082, 0:01:03.577367, 426817
748, 7, 0, 3, False, 0.473561, 2941, 3.931818, 0:01:05.683455, 426841
749, 7, 0, 2, True, 0.473088, 2941, 3.926569, 0:00:00.002564, 427194
750, 7, 0, 0, True, 0.472615, 2941, 3.921333, 0:00:00.002198, 427492
751, 5, 9, 0, True, 0.472142, 2950, 3.928096, 0:00:00.008106, 428076
752, 9, 9, 2, False, 0.471670, 2959, 3.934840, 0:01:05.902459, 428530
753, 5, 9, 2, True, 0.471198, 2968, 3.941567, 0:00:00.002251, 429146
754, 7, 9, 3, False, 0.470727, 2977, 3.948276, 0:01:08.882005, 430141
755, 7, 0, 3, True, 0.470256, 2977, 3.943046, 0:00:00.001548, 430451
756, 7, 0, 2, False, 0.469786, 2977, 3.937831, 0:01:07.114185, 430877
757, 7, 0, 3, False, 0.469316, 2977, 3.932629, 0:01:03.789790, 431231
758, 7, 0, 1, True, 0.468847, 2977, 3.927441, 0:00:00.001266, 431585
759, 7, 0, 3, True, 0.468378, 2977, 3.922266, 0:00:00.001496, 431999
760, 7, 0, 0, True, 0.467910, 2977, 3.917105, 0:00:00.001236, 432318
761, 5, 9, 0, False, 0.467442, 2986, 3.923784, 0:01:06.501815, 432653
762, 9, 9, 2, False, 0.466974, 2995, 3.930446, 0:01:05.651010, 433512
763, 5, 9, 0, False, 0.466507, 3004, 3.937090, 0:01:13.087925, 433756
764, 9, 9, 3, True, 0.466041, 3013, 3.943717, 0:00:00.002380, 434365
765, 9, 0, 0, True, 0.465575, 3013, 3.938562, 0:00:00.001504, 434748
766, 9, 0, 2, False, 0.465109, 3013, 3.933420, 0:01:11.463389, 435522
767, 5, 9, 3, True, 0.464644, 3022, 3.940026, 0:00:00.008251, 435973
768, 5, 0, 0, False, 0.464180, 3022, 3.934896, 0:01:06.342411, 436067
769, 9, 9, 2, False, 0.463715, 3031, 3.941482, 0:01:06.505893, 436763
770, 5, 9, 1, True, 0.463252, 3040, 3.948052, 0:00:00.001966, 437253
771, 5, 0, 1, True, 0.462788, 3040, 3.942931, 0:00:00.001229, 437572
772, 5, 0, 3, True, 0.462326, 3040, 3.937824, 0:00:00.001480, 437963
773, 5, 0, 3, True, 0.461863, 3040, 3.932730, 0:00:00.001506, 438386
774, 5, 0, 0, False, 0.461401, 3040, 3.927649, 0:01:04.104514, 438804
775, 9, 9, 2, False, 0.460940, 3049, 3.934194, 0:01:04.442559, 439711
776, 5, 9, 0, True, 0.460479, 3058, 3.940722, 0:00:00.001949, 440238
777, 9, 9, 1, True, 0.460019, 3067, 3.947233, 0:00:00.002200, 440810
778, 10, 9, 3, False, 0.459559, 3076, 3.953728, 0:01:06.117257, 441235
779, 9, 9, 2, False, 0.459099, 3085, 3.960205, 0:01:05.972325, 441845
780, 5, 9, 0, False, 0.458640, 3094, 3.966667, 0:01:05.999803, 442130
781, 9, 9, 1, True, 0.458181, 3103, 3.973111, 0:00:00.002766, 442664
782, 10, 9, 3, False, 0.457723, 3112, 3.979540, 0:01:06.921677, 443691
783, 9, 9, 1, True, 0.457265, 3121, 3.985951, 0:00:00.002600, 444174
784, 10, 9, 0, True, 0.456808, 3130, 3.992347, 0:00:00.002356, 444762
785, 10, 0, 1, False, 0.456351, 3130, 3.987261, 0:01:04.983617, 445302
786, 8, 9, 3, True, 0.455895, 3139, 3.993639, 0:00:00.002593, 445956
787, 10, 9, 1, False, 0.455439, 3148, 4.000000, 0:01:03.039638, 446377
788, 8, 9, 2, False, 0.454984, 3157, 4.006345, 0:01:03.944755, 447156
789, 5, 9, 0, False, 0.454529, 3166, 4.012674, 0:01:07.556131, 447371
790, 8, 9, 1, True, 0.454074, 3175, 4.018987, 0:00:00.002298, 447988
791, 10, 9, 2, True, 0.453620, 3184, 4.025284, 0:00:00.002603, 448580
792, 10, 0, 1, False, 0.453166, 3184, 4.020202, 0:01:06.870039, 449474
793, 12, 9, 2, False, 0.452713, 3193, 4.026482, 0:01:04.161456, 450277
794, 5, 9, 1, False, 0.452261, 3202, 4.032746, 0:01:14.885306, 450909
795, 5, 0, 1, True, 0.451808, 3202, 4.027673, 0:00:00.001726, 451256
796, 5, 0, 3, True, 0.451357, 3202, 4.022613, 0:00:00.002077, 451643
797, 5, 0, 2, True, 0.450905, 3202, 4.017566, 0:00:00.001752, 452027
798, 7, 9, 3, True, 0.450454, 3211, 4.023810, 0:00:00.002628, 452647
799, 7, 0, 3, False, 0.450004, 3211, 4.018773, 0:01:11.762710, 453053
800, 7, 0, 3, True, 0.449554, 3211, 4.013750, 0:00:00.001646, 453475
801, 7, 0, 2, True, 0.449104, 3211, 4.008739, 0:00:00.001960, 453860
802, 7, 0, 2, False, 0.448655, 3211, 4.003741, 0:01:11.269683, 454840
803, 7, 0, 0, True, 0.448206, 3211, 3.998755, 0:00:00.001403, 455164
804, 5, 9, 1, True, 0.447758, 3220, 4.004975, 0:00:00.001987, 455629
805, 5, 0, 2, False, 0.447311, 3220, 4.000000, 0:01:14.050951, 455723
806, 7, 9, 1, True, 0.446863, 3229, 4.006203, 0:00:00.004147, 456157
807, 7, 0, 3, False, 0.446416, 3229, 4.001239, 0:01:07.368676, 456942
808, 7, 0, 1, True, 0.445970, 3229, 3.996287, 0:00:00.001277, 457256
809, 7, 0, 2, False, 0.445524, 3229, 3.991347, 0:01:02.964514, 457883
810, 7, 0, 2, True, 0.445078, 3229, 3.986420, 0:00:00.001662, 458329
811, 7, 0, 1, True, 0.444633, 3229, 3.981504, 0:00:00.001236, 458679
812, 7, 0, 3, False, 0.444189, 3229, 3.976601, 0:01:07.261640, 459483
813, 7, 0, 2, False, 0.443745, 3229, 3.971710, 0:01:07.474953, 460050
814, 7, 0, 1, True, 0.443301, 3229, 3.966830, 0:00:00.001384, 460391
815, 7, 0, 3, False, 0.442857, 3229, 3.961963, 0:01:05.649735, 460744
816, 7, 0, 2, True, 0.442415, 3229, 3.957108, 0:00:00.001887, 461159
817, 7, 0, 3, False, 0.441972, 3229, 3.952264, 0:01:04.892454, 461604
818, 7, 0, 3, True, 0.441530, 3229, 3.947433, 0:00:00.001471, 461969
819, 7, 0, 1, True, 0.441089, 3229, 3.942613, 0:00:00.001203, 462299
820, 7, 0, 0, True, 0.440648, 3229, 3.937805, 0:00:00.001523, 462598
821, 5, 9, 0, True, 0.440207, 3238, 3.943971, 0:00:00.002037, 463162
822, 12, 9, 2, False, 0.439767, 3247, 3.950122, 0:01:02.598079, 464026
823, 5, 9, 1, True, 0.439327, 3256, 3.956258, 0:00:00.002051, 464602
824, 5, 0, 2, False, 0.438888, 3256, 3.951456, 0:01:03.200700, 464210
825, 7, 9, 0, True, 0.438449, 3265, 3.957576, 0:00:00.001968, 464746
826, 5, 9, 0, True, 0.438010, 3274, 3.963680, 0:00:00.001967, 465284
827, 12, 9, 2, False, 0.437572, 3283, 3.969770, 0:01:03.095873, 466394
828, 5, 9, 2, True, 0.437135, 3292, 3.975845, 0:00:00.002337, 467021
829, 7, 9, 2, False, 0.436698, 3301, 3.981906, 0:01:03.410723, 468137
830, 7, 0, 1, True, 0.436261, 3301, 3.977108, 0:00:00.001256, 468501
831, 7, 0, 3, False, 0.435825, 3301, 3.972323, 0:01:07.571373, 469408
832, 7, 0, 3, False, 0.435389, 3301, 3.967548, 0:01:03.374728, 469823
833, 7, 0, 1, False, 0.434953, 3301, 3.962785, 0:01:02.759483, 470326
834, 7, 0, 3, False, 0.434518, 3301, 3.958034, 0:01:11.585936, 470734
835, 7, 0, 2, False, 0.434084, 3301, 3.953293, 0:01:10.700370, 471212
836, 7, 0, 1, False, 0.433650, 3301, 3.948565, 0:01:09.162249, 471614
837, 7, 0, 1, True, 0.433216, 3301, 3.943847, 0:00:00.001385, 471945
838, 7, 0, 0, True, 0.432783, 3301, 3.939141, 0:00:00.001333, 472280
839, 5, 9, 3, True, 0.432350, 3310, 3.945173, 0:00:00.002482, 472973
840, 5, 0, 2, False, 0.431918, 3310, 3.940476, 0:01:05.381091, 473237
841, 7, 9, 3, True, 0.431486, 3319, 3.946492, 0:00:00.002452, 473849
842, 7, 0, 2, False, 0.431054, 3319, 3.941805, 0:01:02.718697, 474439
843, 7, 0, 2, False, 0.430623, 3319, 3.937129, 0:01:04.332032, 475169
844, 7, 0, 2, False, 0.430193, 3319, 3.932464, 0:01:12.231840, 475866
845, 7, 0, 0, True, 0.429763, 3319, 3.927811, 0:00:00.001242, 476224
846, 5, 9, 2, True, 0.429333, 3328, 3.933806, 0:00:00.002251, 476899
847, 7, 9, 2, False, 0.428904, 3337, 3.939787, 0:01:03.198751, 477469
848, 7, 0, 3, False, 0.428475, 3337, 3.935142, 0:01:03.420726, 478644
849, 7, 0, 1, True, 0.428046, 3337, 3.930506, 0:00:00.001207, 478965
850, 7, 0, 1, False, 0.427618, 3337, 3.925882, 0:01:07.036177, 479022
851, 7, 0, 3, False, 0.427190, 3337, 3.921269, 0:01:16.104402, 479405
852, 7, 0, 2, False, 0.426763, 3337, 3.916667, 0:01:04.470090, 479715
853, 7, 0, 2, False, 0.426337, 3337, 3.912075, 0:01:04.828641, 480258
854, 7, 0, 3, False, 0.425910, 3337, 3.907494, 0:01:04.926890, 480852
855, 7, 0, 2, False, 0.425484, 3337, 3.902924, 0:01:04.111234, 480831
856, 7, 0, 3, False, 0.425059, 3337, 3.898364, 0:01:04.990210, 481394
857, 7, 0, 0, True, 0.424634, 3337, 3.893816, 0:00:00.001433, 481680
858, 5, 9, 2, True, 0.424209, 3346, 3.899767, 0:00:00.002298, 482301
859, 7, 9, 2, False, 0.423785, 3355, 3.905704, 0:01:07.021186, 483072
860, 7, 0, 2, False, 0.423361, 3355, 3.901163, 0:01:10.053127, 483883
861, 7, 0, 3, True, 0.422938, 3355, 3.896632, 0:00:00.001991, 484309
862, 7, 0, 3, False, 0.422515, 3355, 3.892111, 0:01:08.364467, 484751
863, 7, 0, 3, False, 0.422092, 3355, 3.887601, 0:01:10.574109, 485194
864, 7, 0, 3, False, 0.421670, 3355, 3.883102, 0:01:03.467504, 485319
865, 7, 0, 3, False, 0.421249, 3355, 3.878613, 0:01:08.999001, 485703
866, 7, 0, 2, False, 0.420827, 3355, 3.874134, 0:01:06.698184, 486162
867, 7, 0, 0, True, 0.420406, 3355, 3.869666, 0:00:00.001508, 486447
868, 5, 9, 0, False, 0.419986, 3364, 3.875576, 0:01:03.888487, 486484
869, 12, 9, 2, False, 0.419566, 3373, 3.881473, 0:01:07.784190, 487165
870, 5, 9, 2, False, 0.419146, 3382, 3.887356, 0:01:10.127633, 487608
871, 7, 9, 3, True, 0.418727, 3391, 3.893226, 0:00:00.004722, 488140
872, 7, 0, 2, False, 0.418309, 3391, 3.888761, 0:01:04.967130, 488591
873, 7, 0, 0, True, 0.417890, 3391, 3.884307, 0:00:00.001273, 488914
874, 5, 9, 2, False, 0.417472, 3400, 3.890160, 0:01:03.905428, 489353
875, 7, 9, 2, False, 0.417055, 3409, 3.896000, 0:01:03.860114, 490512
876, 7, 0, 3, False, 0.416638, 3409, 3.891553, 0:01:03.813789, 491217
877, 7, 0, 2, False, 0.416221, 3409, 3.887115, 0:01:03.136166, 491316
878, 7, 0, 3, False, 0.415805, 3409, 3.882688, 0:01:03.925374, 491936
879, 7, 0, 0, True, 0.415389, 3409, 3.878271, 0:00:00.001323, 492290
880, 5, 9, 1, False, 0.414974, 3418, 3.884091, 0:01:03.833206, 492626
881, 5, 0, 1, False, 0.414559, 3418, 3.879682, 0:01:04.603300, 492914
882, 5, 0, 2, False, 0.414144, 3418, 3.875283, 0:01:04.287707, 493449
883, 7, 9, 3, True, 0.413730, 3427, 3.881087, 0:00:00.002752, 494018
884, 7, 0, 2, False, 0.413316, 3427, 3.876697, 0:01:08.573607, 494437
885, 7, 0, 1, True, 0.412903, 3427, 3.872316, 0:00:00.001413, 494756
886, 7, 0, 1, False, 0.412490, 3427, 3.867946, 0:01:10.498362, 495599
887, 7, 0, 1, True, 0.412078, 3427, 3.863585, 0:00:00.003326, 495953
888, 7, 0, 3, True, 0.411666, 3427, 3.859234, 0:00:00.002221, 496411
889, 7, 0, 2, True, 0.411254, 3427, 3.854893, 0:00:00.002190, 496850
890, 7, 0, 3, True, 0.410843, 3427, 3.850562, 0:00:00.002086, 497251
891, 7, 0, 2, False, 0.410432, 3427, 3.846240, 0:01:05.231005, 497534
892, 7, 0, 3, False, 0.410021, 3427, 3.841928, 0:01:04.216287, 497741
893, 7, 0, 3, False, 0.409611, 3427, 3.837626, 0:01:02.915809, 498643
894, 7, 0, 3, False, 0.409202, 3427, 3.833333, 0:01:02.992346, 498703
895, 7, 0, 2, True, 0.408793, 3427, 3.829050, 0:00:00.001906, 499110
896, 7, 0, 3, False, 0.408384, 3427, 3.824777, 0:01:03.124337, 499292
897, 7, 0, 2, True, 0.407975, 3427, 3.820513, 0:00:00.001554, 499668
898, 7, 0, 0, True, 0.407567, 3427, 3.816258, 0:00:00.001272, 499995
899, 5, 9, 2, False, 0.407160, 3436, 3.822024, 0:01:04.554836, 500781
900, 7, 9, 2, True, 0.406753, 3445, 3.827778, 0:00:00.002363, 501351
901, 7, 0, 3, False, 0.406346, 3445, 3.823529, 0:01:04.400665, 501869
902, 7, 0, 2, True, 0.405940, 3445, 3.819290, 0:00:00.001455, 502182
903, 7, 0, 3, False, 0.405534, 3445, 3.815061, 0:01:05.374833, 502503
904, 7, 0, 1, False, 0.405128, 3445, 3.810841, 0:01:02.081394, 503056
905, 7, 0, 1, True, 0.404723, 3445, 3.806630, 0:00:00.001251, 503385
906, 7, 0, 2, False, 0.404318, 3445, 3.802428, 0:01:04.185042, 503948
907, 7, 0, 3, True, 0.403914, 3445, 3.798236, 0:00:00.001454, 504303
908, 7, 0, 2, False, 0.403510, 3445, 3.794053, 0:01:03.208770, 504817
909, 7, 0, 1, True, 0.403107, 3445, 3.789879, 0:00:00.001273, 505148
910, 7, 0, 1, True, 0.402703, 3445, 3.785714, 0:00:00.001242, 505496
911, 7, 0, 1, False, 0.402301, 3445, 3.781559, 0:01:06.782540, 506364
912, 7, 0, 3, False, 0.401898, 3445, 3.777412, 0:01:03.441061, 507235
913, 7, 0, 3, False, 0.401497, 3445, 3.773275, 0:01:06.299759, 507753
914, 7, 0, 3, False, 0.401095, 3445, 3.769147, 0:01:04.309160, 507446
915, 7, 0, 3, False, 0.400694, 3445, 3.765027, 0:01:04.505632, 507569
916, 7, 0, 3, False, 0.400293, 3445, 3.760917, 0:01:05.365962, 508514
917, 7, 0, 1, True, 0.399893, 3445, 3.756816, 0:00:00.003885, 508810
918, 7, 0, 2, False, 0.399493, 3445, 3.752723, 0:01:06.090120, 509232
919, 7, 0, 1, True, 0.399094, 3445, 3.748640, 0:00:00.001436, 509587
920, 7, 0, 3, False, 0.398695, 3445, 3.744565, 0:01:05.938952, 510720
921, 7, 0, 2, False, 0.398296, 3445, 3.740499, 0:01:06.095295, 511044
922, 7, 0, 2, False, 0.397898, 3445, 3.736443, 0:01:13.765869, 511764
923, 7, 0, 0, True, 0.397500, 3445, 3.732394, 0:00:00.003501, 512109
924, 5, 9, 2, False, 0.397102, 3454, 3.738095, 0:01:12.035196, 511943
925, 7, 9, 3, False, 0.396705, 3463, 3.743784, 0:01:11.232255, 512755
926, 7, 0, 2, True, 0.396308, 3463, 3.739741, 0:00:00.001615, 513187
927, 7, 0, 2, True, 0.395912, 3463, 3.735707, 0:00:00.001524, 513585
928, 7, 0, 3, False, 0.395516, 3463, 3.731681, 0:01:12.005272, 514602
929, 7, 0, 0, True, 0.395121, 3463, 3.727664, 0:00:00.001482, 514956
930, 5, 9, 2, False, 0.394725, 3472, 3.733333, 0:01:12.875073, 515242
931, 7, 9, 2, False, 0.394331, 3481, 3.738990, 0:01:13.834263, 516168
932, 7, 0, 1, False, 0.393936, 3481, 3.734979, 0:01:12.002566, 516735
933, 7, 0, 1, True, 0.393542, 3481, 3.730975, 0:00:00.001294, 517041
934, 7, 0, 3, True, 0.393149, 3481, 3.726981, 0:00:00.001578, 517471
935, 7, 0, 1, True, 0.392756, 3481, 3.722995, 0:00:00.001342, 517835
936, 7, 0, 1, True, 0.392363, 3481, 3.719017, 0:00:00.001353, 518175
937, 7, 0, 3, True, 0.391971, 3481, 3.715048, 0:00:00.002792, 518575
938, 7, 0, 3, False, 0.391579, 3481, 3.711087, 0:01:10.166985, 518905
939, 7, 0, 1, True, 0.391187, 3481, 3.707135, 0:00:00.001456, 519182
940, 7, 0, 3, False, 0.390796, 3481, 3.703191, 0:01:08.052576, 519879
941, 7, 0, 2, False, 0.390405, 3481, 3.699256, 0:01:06.327442, 520086
942, 7, 0, 2, True, 0.390015, 3481, 3.695329, 0:00:00.001533, 520439
943, 7, 0, 3, True, 0.389625, 3481, 3.691410, 0:00:00.001495, 520815
944, 7, 0, 0, True, 0.389235, 3481, 3.687500, 0:00:00.007692, 521105
945, 5, 9, 1, True, 0.388846, 3490, 3.693122, 0:00:00.002354, 521616
946, 5, 0, 2, False, 0.388457, 3490, 3.689218, 0:01:07.297728, 521724
947, 7, 9, 2, False, 0.388069, 3499, 3.694826, 0:01:09.369082, 522663
948, 7, 0, 3, False, 0.387680, 3499, 3.690928, 0:01:11.411361, 523427
949, 7, 0, 3, False, 0.387293, 3499, 3.687039, 0:01:05.595933, 523578
950, 7, 0, 3, False, 0.386905, 3499, 3.683158, 0:01:06.333531, 523868
951, 7, 0, 3, False, 0.386519, 3499, 3.679285, 0:01:13.404913, 524337
952, 7, 0, 2, False, 0.386132, 3499, 3.675420, 0:01:07.939829, 524366
953, 7, 0, 0, True, 0.385746, 3499, 3.671563, 0:00:00.001533, 524660
954, 5, 9, 0, True, 0.385360, 3508, 3.677149, 0:00:00.002201, 525120
955, 12, 9, 2, False, 0.384975, 3517, 3.682723, 0:01:06.099539, 525697
956, 5, 9, 1, True, 0.384590, 3526, 3.688285, 0:00:00.004258, 526008
957, 5, 0, 1, False, 0.384205, 3526, 3.684431, 0:01:06.770238, 526133
958, 5, 0, 3, True, 0.383821, 3526, 3.680585, 0:00:00.001601, 526482
959, 5, 0, 2, False, 0.383437, 3526, 3.676747, 0:01:06.105583, 527084
960, 7, 9, 2, False, 0.383054, 3535, 3.682292, 0:01:06.524705, 528291
961, 7, 0, 0, True, 0.382671, 3535, 3.678460, 0:00:00.001306, 528632
962, 5, 9, 1, False, 0.382288, 3544, 3.683992, 0:01:06.286530, 529222
963, 5, 0, 3, True, 0.381906, 3544, 3.680166, 0:00:00.001555, 529551
964, 5, 0, 0, False, 0.381524, 3544, 3.676349, 0:01:07.895553, 529634
965, 12, 9, 2, False, 0.381142, 3553, 3.681865, 0:01:07.114534, 530483
966, 5, 9, 3, True, 0.380761, 3562, 3.687371, 0:00:00.002466, 531082
967, 5, 0, 2, False, 0.380380, 3562, 3.683557, 0:01:04.960861, 531537
968, 7, 9, 0, True, 0.380000, 3571, 3.689050, 0:00:00.002040, 532121
969, 5, 9, 1, True, 0.379620, 3580, 3.694530, 0:00:00.002503, 532651
970, 5, 0, 2, False, 0.379240, 3580, 3.690722, 0:01:06.793009, 532878
971, 7, 9, 3, False, 0.378861, 3589, 3.696189, 0:01:06.084953, 533996
972, 7, 0, 3, False, 0.378482, 3589, 3.692387, 0:01:07.083403, 534048
973, 7, 0, 1, False, 0.378104, 3589, 3.688592, 0:01:03.887468, 534804
974, 7, 0, 1, True, 0.377726, 3589, 3.684805, 0:00:00.001273, 535152
975, 7, 0, 3, False, 0.377348, 3589, 3.681026, 0:01:04.466416, 535399
976, 7, 0, 3, False, 0.376971, 3589, 3.677254, 0:01:06.106119, 535839
977, 7, 0, 2, True, 0.376594, 3589, 3.673490, 0:00:00.001604, 536204
978, 7, 0, 2, False, 0.376217, 3589, 3.669734, 0:01:05.352162, 536688
979, 7, 0, 2, False, 0.375841, 3589, 3.665986, 0:01:03.297046, 537521
980, 7, 0, 0, True, 0.375465, 3589, 3.662245, 0:00:00.007692, 537866
981, 5, 9, 1, False, 0.375090, 3598, 3.667686, 0:01:05.481850, 537860
982, 5, 0, 2, False, 0.374715, 3598, 3.663951, 0:01:07.523367, 538122
983, 7, 9, 3, False, 0.374340, 3607, 3.669379, 0:01:06.893369, 539142
984, 7, 0, 2, False, 0.373965, 3607, 3.665650, 0:01:06.619684, 539618
985, 7, 0, 3, False, 0.373591, 3607, 3.661929, 0:01:03.681718, 540131
986, 7, 0, 3, False, 0.373218, 3607, 3.658215, 0:01:04.934862, 540846
987, 7, 0, 3, False, 0.372845, 3607, 3.654509, 0:01:04.017261, 541174
988, 7, 0, 3, False, 0.372472, 3607, 3.650810, 0:01:05.096437, 541449
989, 7, 0, 2, True, 0.372099, 3607, 3.647118, 0:00:00.001962, 541818
990, 7, 0, 2, False, 0.371727, 3607, 3.643434, 0:01:03.743094, 541899
991, 7, 0, 2, False, 0.371356, 3607, 3.639758, 0:01:07.238993, 541860
992, 7, 0, 1, False, 0.370984, 3607, 3.636089, 0:01:04.517733, 543044
993, 7, 0, 3, False, 0.370613, 3607, 3.632427, 0:01:04.691624, 544044
994, 7, 0, 2, True, 0.370243, 3607, 3.628773, 0:00:00.001690, 544462
995, 7, 0, 2, False, 0.369872, 3607, 3.625126, 0:01:04.870137, 544751
996, 7, 0, 2, False, 0.369502, 3607, 3.621486, 0:01:04.036639, 545256
997, 7, 0, 0, True, 0.369133, 3607, 3.617854, 0:00:00.003893, 545582
998, 5, 9, 3, True, 0.368764, 3616, 3.623246, 0:00:00.003005, 546103
999, 5, 0, 2, False, 0.368395, 3616, 3.619620, 0:01:04.347035, 546218
1000, 7, 9, 3, False, 0.368027, 3625, 3.625000, 0:01:04.392743, 547417
1001, 7, 0, 2, True, 0.367659, 3625, 3.621379, 0:00:00.001465, 547800
1002, 7, 0, 1, True, 0.367291, 3625, 3.617764, 0:00:00.001239, 548090
1003, 7, 0, 3, False, 0.366924, 3625, 3.614158, 0:01:03.690254, 548767
1004, 7, 0, 2, False, 0.366557, 3625, 3.610558, 0:01:03.562675, 548604
1005, 7, 0, 1, True, 0.366190, 3625, 3.606965, 0:00:00.001360, 548886
1006, 7, 0, 2, False, 0.365824, 3625, 3.603380, 0:01:03.871969, 549757
1007, 7, 0, 3, False, 0.365458, 3625, 3.599801, 0:01:03.791841, 550505
1008, 7, 0, 3, False, 0.365093, 3625, 3.596230, 0:01:04.950955, 550522
1009, 7, 0, 2, False, 0.364728, 3625, 3.592666, 0:01:08.661703, 551143
1010, 7, 0, 0, True, 0.364363, 3625, 3.589109, 0:00:00.001808, 551467
1011, 5, 9, 1, False, 0.363999, 3634, 3.594461, 0:01:03.818395, 551382
1012, 5, 0, 1, False, 0.363635, 3634, 3.590909, 0:01:05.765324, 551615
1013, 5, 0, 2, False, 0.363271, 3634, 3.587364, 0:01:04.603000, 552034
1014, 7, 9, 3, False, 0.362908, 3643, 3.592702, 0:01:06.180043, 553258
1015, 7, 0, 2, True, 0.362545, 3643, 3.589163, 0:00:00.001514, 553617
1016, 7, 0, 3, False, 0.362182, 3643, 3.585630, 0:01:02.865577, 553566
1017, 7, 0, 3, False, 0.361820, 3643, 3.582104, 0:01:04.709122, 553982
1018, 7, 0, 1, True, 0.361458, 3643, 3.578585, 0:00:00.001310, 554241
1019, 7, 0, 0, True, 0.361097, 3643, 3.575074, 0:00:00.001418, 554530
1020, 5, 9, 0, False, 0.360736, 3652, 3.580392, 0:01:04.109544, 554477
1021, 12, 9, 1, True, 0.360375, 3661, 3.585700, 0:00:00.002167, 554931
1022, 12, 0, 0, True, 0.360015, 3661, 3.582192, 0:00:00.002126, 555281
1023, 12, 0, 0, True, 0.359655, 3661, 3.578690, 0:00:00.001659, 555749
1024, 12, 0, 2, False, 0.359295, 3661, 3.575195, 0:01:06.164813, 557872
1025, 5, 9, 2, False, 0.358936, 3670, 3.580488, 0:01:05.242422, 558679
1026, 7, 9, 1, True, 0.358577, 3679, 3.585770, 0:00:00.002034, 559257
1027, 7, 0, 3, False, 0.358218, 3679, 3.582278, 0:01:04.772877, 559288
1028, 7, 0, 3, False, 0.357860, 3679, 3.578794, 0:01:04.733505, 559522
1029, 7, 0, 3, False, 0.357502, 3679, 3.575316, 0:01:04.493040, 560251
1030, 7, 0, 3, False, 0.357144, 3679, 3.571845, 0:01:04.004457, 560585
1031, 7, 0, 1, False, 0.356787, 3679, 3.568380, 0:01:05.396342, 560846
1032, 7, 0, 1, False, 0.356431, 3679, 3.564922, 0:01:05.606058, 561026
1033, 7, 0, 3, False, 0.356074, 3679, 3.561471, 0:01:05.183924, 561671
1034, 7, 0, 3, False, 0.355718, 3679, 3.558027, 0:01:06.685764, 561514
1035, 7, 0, 1, True, 0.355362, 3679, 3.554589, 0:00:00.001327, 561815
1036, 7, 0, 3, False, 0.355007, 3679, 3.551158, 0:01:08.103135, 562522
1037, 7, 0, 3, False, 0.354652, 3679, 3.547734, 0:01:06.612628, 562803
1038, 7, 0, 3, False, 0.354297, 3679, 3.544316, 0:01:13.338165, 563325
1039, 7, 0, 1, True, 0.353943, 3679, 3.540905, 0:00:00.001971, 563645
1040, 7, 0, 1, True, 0.353589, 3679, 3.537500, 0:00:00.001427, 563965
1041, 7, 0, 2, False, 0.353235, 3679, 3.534102, 0:01:08.034717, 564811
1042, 7, 0, 2, False, 0.352882, 3679, 3.530710, 0:01:07.968918, 565333
1043, 7, 0, 2, True, 0.352529, 3679, 3.527325, 0:00:00.002270, 565721
1044, 7, 0, 0, True, 0.352177, 3679, 3.523946, 0:00:00.002118, 566053
1045, 5, 9, 1, False, 0.351825, 3688, 3.529187, 0:01:07.410785, 566044
1046, 5, 0, 3, True, 0.351473, 3688, 3.525813, 0:00:00.001599, 566392
1047, 5, 0, 2, False, 0.351121, 3688, 3.522445, 0:01:07.491885, 567071
1048, 7, 9, 0, True, 0.350770, 3697, 3.527672, 0:00:00.001940, 567631
1049, 5, 9, 2, False, 0.350419, 3706, 3.532888, 0:01:05.223740, 567943
1050, 7, 9, 3, False, 0.350069, 3715, 3.538095, 0:01:06.763176, 568795
1051, 7, 0, 2, False, 0.349719, 3715, 3.534729, 0:01:04.540737, 569247
1052, 7, 0, 2, False, 0.349369, 3715, 3.531369, 0:01:04.382136, 569704
1053, 7, 0, 1, False, 0.349020, 3715, 3.528015, 0:01:04.604742, 570386
1054, 7, 0, 0, True, 0.348671, 3715, 3.524668, 0:00:00.001293, 570717
1055, 5, 9, 2, False, 0.348322, 3724, 3.529858, 0:01:04.771101, 570696
1056, 7, 9, 2, False, 0.347974, 3733, 3.535038, 0:01:03.664422, 571534
1057, 7, 0, 0, True, 0.347626, 3733, 3.531693, 0:00:00.001364, 571861
1058, 5, 9, 3, True, 0.347278, 3742, 3.536862, 0:00:00.002598, 572515
1059, 5, 0, 2, False, 0.346931, 3742, 3.533522, 0:01:04.923609, 573109
1060, 7, 9, 3, False, 0.346584, 3751, 3.538679, 0:01:04.877813, 573875
1061, 7, 0, 3, False, 0.346237, 3751, 3.535344, 0:01:03.458403, 574569
1062, 7, 0, 2, False, 0.345891, 3751, 3.532015, 0:01:04.837458, 574829
1063, 7, 0, 2, False, 0.345545, 3751, 3.528692, 0:01:04.417127, 575042
1064, 7, 0, 1, True, 0.345200, 3751, 3.525376, 0:00:00.002001, 575385
1065, 7, 0, 1, True, 0.344855, 3751, 3.522066, 0:00:00.001794, 575729
1066, 7, 0, 3, False, 0.344510, 3751, 3.518762, 0:01:05.090076, 576997
1067, 7, 0, 3, False, 0.344165, 3751, 3.515464, 0:01:03.966384, 577254
1068, 7, 0, 2, False, 0.343821, 3751, 3.512172, 0:01:03.811463, 577701
1069, 7, 0, 3, False, 0.343477, 3751, 3.508887, 0:01:04.045591, 578370
1070, 7, 0, 0, True, 0.343134, 3751, 3.505607, 0:00:00.001343, 578695
1071, 5, 9, 1, True, 0.342791, 3760, 3.510738, 0:00:00.002025, 579216
1072, 5, 0, 1, False, 0.342448, 3760, 3.507463, 0:01:05.231783, 579456
1073, 5, 0, 2, False, 0.342105, 3760, 3.504194, 0:01:03.820548, 579463
1074, 7, 9, 3, False, 0.341763, 3769, 3.509311, 0:01:03.788212, 580718
1075, 7, 0, 3, False, 0.341422, 3769, 3.506047, 0:01:03.667871, 581127
1076, 7, 0, 3, True, 0.341080, 3769, 3.502788, 0:00:00.001485, 581516
1077, 7, 0, 3, False, 0.340739, 3769, 3.499536, 0:01:03.808157, 581345
1078, 7, 0, 1, False, 0.340398, 3769, 3.496289, 0:01:03.770843, 581738
1079, 7, 0, 0, True, 0.340058, 3769, 3.493049, 0:00:00.001395, 581980
1080, 5, 9, 3, True, 0.339718, 3778, 3.498148, 0:00:00.002411, 582539
1081, 5, 0, 2, False, 0.339378, 3778, 3.494912, 0:01:03.849272, 582632
1082, 7, 9, 1, True, 0.339039, 3787, 3.500000, 0:00:00.002043, 583138
1083, 7, 0, 3, False, 0.338700, 3787, 3.496768, 0:01:03.949583, 583796
1084, 7, 0, 3, False, 0.338361, 3787, 3.493542, 0:01:04.018949, 584348
1085, 7, 0, 3, False, 0.338023, 3787, 3.490323, 0:01:04.233216, 584635
1086, 7, 0, 1, True, 0.337685, 3787, 3.487109, 0:00:00.001332, 584934
1087, 7, 0, 2, False, 0.337347, 3787, 3.483901, 0:01:04.062168, 585484
1088, 7, 0, 3, False, 0.337010, 3787, 3.480699, 0:01:04.522811, 586324
1089, 7, 0, 3, False, 0.336673, 3787, 3.477502, 0:01:04.353749, 586825
1090, 7, 0, 2, False, 0.336336, 3787, 3.474312, 0:01:03.353632, 587503
1091, 7, 0, 3, False, 0.336000, 3787, 3.471127, 0:01:04.614770, 587933
1092, 7, 0, 0, True, 0.335664, 3787, 3.467949, 0:00:00.001331, 588229
1093, 5, 9, 3, True, 0.335328, 3796, 3.473010, 0:00:00.002198, 588791
1094, 5, 0, 2, False, 0.334993, 3796, 3.469835, 0:01:04.483449, 588541
1095, 7, 9, 2, False, 0.334658, 3805, 3.474886, 0:01:04.670928, 589552
1096, 7, 0, 3, False, 0.334323, 3805, 3.471715, 0:01:04.380790, 590052
1097, 7, 0, 0, True, 0.333989, 3805, 3.468551, 0:00:00.001467, 590406
1098, 5, 9, 1, False, 0.333655, 3814, 3.473588, 0:01:04.259377, 590589
1099, 5, 0, 2, False, 0.333321, 3814, 3.470428, 0:01:05.630265, 590902
1100, 7, 9, 3, False, 0.332988, 3823, 3.475455, 0:01:12.022135, 591393
1101, 7, 0, 2, False, 0.332655, 3823, 3.472298, 0:01:14.788255, 591990
1102, 7, 0, 0, True, 0.332322, 3823, 3.469147, 0:00:00.001476, 592280
1103, 5, 9, 2, False, 0.331990, 3832, 3.474161, 0:01:07.772645, 592765
1104, 7, 9, 0, True, 0.331658, 3841, 3.479167, 0:00:00.002303, 593227
1105, 5, 9, 2, False, 0.331326, 3850, 3.484163, 0:01:08.944406, 594254
1106, 7, 9, 3, True, 0.330995, 3859, 3.489150, 0:00:00.002188, 594855
1107, 7, 0, 3, False, 0.330664, 3859, 3.485998, 0:01:04.813701, 595167
1108, 7, 0, 3, False, 0.330333, 3859, 3.482852, 0:01:05.369244, 595627
1109, 7, 0, 0, True, 0.330003, 3859, 3.479711, 0:00:00.001373, 595965
1110, 5, 9, 2, False, 0.329673, 3868, 3.484685, 0:01:12.339478, 597255
1111, 7, 9, 1, True, 0.329343, 3877, 3.489649, 0:00:00.002369, 597751
1112, 7, 0, 3, False, 0.329014, 3877, 3.486511, 0:01:07.386514, 598568
1113, 7, 0, 2, False, 0.328685, 3877, 3.483378, 0:01:15.332757, 598612
1114, 7, 0, 2, False, 0.328356, 3877, 3.480251, 0:01:06.709256, 598917
1115, 7, 0, 2, False, 0.328028, 3877, 3.477130, 0:01:07.210269, 599364
1116, 7, 0, 3, False, 0.327700, 3877, 3.474014, 0:01:09.960416, 600337
1117, 7, 0, 1, False, 0.327372, 3877, 3.470904, 0:01:11.478436, 600530
1118, 7, 0, 3, False, 0.327045, 3877, 3.467800, 0:01:15.102993, 600906
1119, 7, 0, 1, False, 0.326718, 3877, 3.464701, 0:01:14.548914, 601312
1120, 7, 0, 3, False, 0.326391, 3877, 3.461607, 0:01:08.928514, 601947
1121, 7, 0, 3, False, 0.326064, 3877, 3.458519, 0:01:08.586142, 602220
1122, 7, 0, 2, False, 0.325738, 3877, 3.455437, 0:01:03.553223, 602617
1123, 7, 0, 2, False, 0.325413, 3877, 3.452360, 0:01:03.794748, 602791
1124, 7, 0, 3, False, 0.325087, 3877, 3.449288, 0:01:03.786173, 603448
1125, 7, 0, 3, False, 0.324762, 3877, 3.446222, 0:01:03.987509, 603983
1126, 7, 0, 1, True, 0.324437, 3877, 3.443162, 0:00:00.001416, 604269
1127, 7, 0, 3, True, 0.324113, 3877, 3.440106, 0:00:00.001847, 604650
1128, 7, 0, 3, False, 0.323789, 3877, 3.437057, 0:01:05.766900, 604986
1129, 7, 0, 1, True, 0.323465, 3877, 3.434012, 0:00:00.001307, 605308
1130, 7, 0, 0, True, 0.323142, 3877, 3.430973, 0:00:00.007844, 605633
1131, 5, 9, 2, False, 0.322818, 3886, 3.435897, 0:01:05.370601, 606354
1132, 7, 9, 3, True, 0.322496, 3895, 3.440813, 0:00:00.002296, 606962
1133, 7, 0, 1, True, 0.322173, 3895, 3.437776, 0:00:00.001318, 607313
1134, 7, 0, 3, False, 0.321851, 3895, 3.434744, 0:01:05.701428, 607954
1135, 7, 0, 3, True, 0.321529, 3895, 3.431718, 0:00:00.001533, 608417
1136, 7, 0, 1, False, 0.321208, 3895, 3.428697, 0:01:03.650144, 608374
1137, 7, 0, 3, False, 0.320886, 3895, 3.425682, 0:01:04.265422, 609183
1138, 7, 0, 3, True, 0.320565, 3895, 3.422671, 0:00:00.001553, 609550
1139, 7, 0, 3, False, 0.320245, 3895, 3.419666, 0:01:04.905038, 609813
1140, 7, 0, 3, False, 0.319925, 3895, 3.416667, 0:01:03.916378, 609965
1141, 7, 0, 3, False, 0.319605, 3895, 3.413672, 0:01:04.075686, 609804
1142, 7, 0, 2, False, 0.319285, 3895, 3.410683, 0:01:06.284303, 610430
1143, 7, 0, 3, True, 0.318966, 3895, 3.407699, 0:00:00.001798, 610746
1144, 7, 0, 0, True, 0.318647, 3895, 3.404720, 0:00:00.001637, 611014
1145, 5, 9, 1, True, 0.318328, 3904, 3.409607, 0:00:00.002262, 611487
1146, 5, 0, 2, False, 0.318010, 3904, 3.406632, 0:01:04.806208, 611639
1147, 7, 9, 2, False, 0.317692, 3913, 3.411508, 0:01:03.780866, 612342
1148, 7, 0, 3, False, 0.317374, 3913, 3.408537, 0:01:05.943654, 612952
1149, 7, 0, 2, False, 0.317057, 3913, 3.405570, 0:01:06.701479, 613115
1150, 7, 0, 2, False, 0.316740, 3913, 3.402609, 0:01:04.705691, 614078
1151, 7, 0, 0, True, 0.316423, 3913, 3.399652, 0:00:00.001274, 614384
1152, 5, 9, 2, False, 0.316107, 3922, 3.404514, 0:01:04.426826, 613911
1153, 7, 9, 2, False, 0.315790, 3931, 3.409367, 0:01:10.562597, 614632
1154, 7, 0, 2, False, 0.315475, 3931, 3.406412, 0:01:20.031698, 615513
1155, 7, 0, 2, True, 0.315159, 3931, 3.403463, 0:00:00.002199, 615890
1156, 7, 0, 3, False, 0.314844, 3931, 3.400519, 0:01:08.741238, 616730
1157, 7, 0, 3, False, 0.314529, 3931, 3.397580, 0:01:30.123592, 617001
1158, 7, 0, 3, False, 0.314215, 3931, 3.394646, 0:01:19.652733, 617019
1159, 7, 0, 3, False, 0.313900, 3931, 3.391717, 0:01:14.036203, 617167
1160, 7, 0, 0, True, 0.313587, 3931, 3.388793, 0:00:00.002950, 617454
1161, 5, 9, 2, False, 0.313273, 3940, 3.393626, 0:01:28.456685, 617769
1162, 7, 9, 3, False, 0.312960, 3949, 3.398451, 0:01:11.136349, 618845
1163, 7, 0, 3, False, 0.312647, 3949, 3.395529, 0:01:08.100133, 619305
1164, 7, 0, 3, True, 0.312334, 3949, 3.392612, 0:00:00.001696, 619693
1165, 7, 0, 3, False, 0.312022, 3949, 3.389700, 0:01:08.739130, 619910
1166, 7, 0, 2, False, 0.311710, 3949, 3.386792, 0:01:11.520645, 620705
1167, 7, 0, 2, False, 0.311398, 3949, 3.383890, 0:01:07.519208, 621002
1168, 7, 0, 2, False, 0.311087, 3949, 3.380993, 0:01:08.554884, 621193
1169, 7, 0, 1, False, 0.310776, 3949, 3.378101, 0:01:13.288710, 622027
1170, 7, 0, 1, True, 0.310465, 3949, 3.375214, 0:00:00.001315, 622266
1171, 7, 0, 3, False, 0.310154, 3949, 3.372331, 0:01:11.031133, 623122
1172, 7, 0, 3, False, 0.309844, 3949, 3.369454, 0:01:11.061196, 623174
1173, 7, 0, 2, False, 0.309534, 3949, 3.366581, 0:01:11.986558, 623550
1174, 7, 0, 3, False, 0.309225, 3949, 3.363714, 0:01:08.309257, 623863
1175, 7, 0, 2, True, 0.308916, 3949, 3.360851, 0:00:00.001618, 624161
1176, 7, 0, 3, False, 0.308607, 3949, 3.357993, 0:01:06.854233, 624978
1177, 7, 0, 3, False, 0.308298, 3949, 3.355140, 0:01:15.507573, 624960
1178, 7, 0, 2, True, 0.307990, 3949, 3.352292, 0:00:00.002939, 625280
1179, 7, 0, 0, True, 0.307682, 3949, 3.349449, 0:00:00.001869, 625548
1180, 5, 9, 1, False, 0.307374, 3958, 3.354237, 0:01:08.304373, 625500
1181, 5, 0, 2, False, 0.307067, 3958, 3.351397, 0:01:08.673147, 625464
1182, 7, 9, 3, False, 0.306760, 3967, 3.356176, 0:01:06.500770, 626837
1183, 7, 0, 3, False, 0.306453, 3967, 3.353339, 0:01:11.140798, 627373
1184, 7, 0, 3, False, 0.306146, 3967, 3.350507, 0:01:10.460024, 627820
1185, 7, 0, 1, True, 0.305840, 3967, 3.347679, 0:00:00.001255, 628134
1186, 7, 0, 2, False, 0.305534, 3967, 3.344857, 0:01:11.856679, 628461
1187, 7, 0, 2, False, 0.305229, 3967, 3.342039, 0:01:12.954842, 628772
1188, 7, 0, 3, False, 0.304924, 3967, 3.339226, 0:01:09.002683, 629715
1189, 7, 0, 3, False, 0.304619, 3967, 3.336417, 0:01:05.235795, 629564
1190, 7, 0, 1, True, 0.304314, 3967, 3.333613, 0:00:00.001382, 629868
1191, 7, 0, 3, False, 0.304010, 3967, 3.330814, 0:01:11.505887, 630339
1192, 7, 0, 3, False, 0.303706, 3967, 3.328020, 0:01:04.288536, 630496
1193, 7, 0, 1, False, 0.303402, 3967, 3.325231, 0:01:04.538935, 630770
1194, 7, 0, 3, False, 0.303099, 3967, 3.322446, 0:01:10.627091, 631276
1195, 7, 0, 3, False, 0.302796, 3967, 3.319665, 0:01:14.727979, 631698
1196, 7, 0, 3, False, 0.302493, 3967, 3.316890, 0:01:15.546305, 631981
1197, 7, 0, 2, False, 0.302190, 3967, 3.314119, 0:01:14.269228, 632433
1198, 7, 0, 3, False, 0.301888, 3967, 3.311352, 0:01:08.297128, 632859
1199, 7, 0, 2, True, 0.301586, 3967, 3.308590, 0:00:00.001572, 633200
1200, 7, 0, 2, False, 0.301285, 3967, 3.305833, 0:01:07.538104, 633791
1201, 7, 0, 3, False, 0.300983, 3967, 3.303081, 0:01:05.464914, 634266
1202, 7, 0, 3, False, 0.300682, 3967, 3.300333, 0:01:06.303504, 635139
1203, 7, 0, 2, True, 0.300382, 3967, 3.297589, 0:00:00.001605, 635485
1204, 7, 0, 1, True, 0.300081, 3967, 3.294850, 0:00:00.001307, 635771
1205, 7, 0, 3, False, 0.299781, 3967, 3.292116, 0:01:06.719879, 636178
1206, 7, 0, 2, True, 0.299481, 3967, 3.289386, 0:00:00.001545, 636575
1207, 7, 0, 1, False, 0.299182, 3967, 3.286661, 0:01:09.605631, 636837
1208, 7, 0, 2, False, 0.298883, 3967, 3.283940, 0:01:04.651886, 637741
1209, 7, 0, 2, False, 0.298584, 3967, 3.281224, 0:01:03.824716, 638385
1210, 7, 0, 2, True, 0.298285, 3967, 3.278512, 0:00:00.001550, 638736
1211, 7, 0, 3, True, 0.297987, 3967, 3.275805, 0:00:00.001471, 639053
1212, 7, 0, 2, False, 0.297689, 3967, 3.273102, 0:01:06.490328, 639623
1213, 7, 0, 3, False, 0.297391, 3967, 3.270404, 0:01:07.764789, 639796
1214, 7, 0, 1, True, 0.297094, 3967, 3.267710, 0:00:00.004194, 640112
1215, 7, 0, 2, False, 0.296797, 3967, 3.265021, 0:01:04.458174, 640426
1216, 7, 0, 3, False, 0.296500, 3967, 3.262336, 0:01:06.947635, 641083
1217, 7, 0, 1, True, 0.296204, 3967, 3.259655, 0:00:00.001363, 641403
1218, 7, 0, 0, True, 0.295907, 3967, 3.256979, 0:00:00.003428, 641708
1219, 5, 9, 1, True, 0.295611, 3976, 3.261690, 0:00:00.002223, 642275
1220, 5, 0, 2, True, 0.295316, 3976, 3.259016, 0:00:00.002473, 642686
1221, 7, 9, 3, False, 0.295021, 3985, 3.263718, 0:01:07.596894, 643193
1222, 7, 0, 3, True, 0.294725, 3985, 3.261047, 0:00:00.001879, 643558
1223, 7, 0, 2, True, 0.294431, 3985, 3.258381, 0:00:00.001778, 643907
1224, 7, 0, 2, False, 0.294136, 3985, 3.255719, 0:01:05.543902, 644200
1225, 7, 0, 2, False, 0.293842, 3985, 3.253061, 0:01:04.691430, 644402
1226, 7, 0, 3, True, 0.293548, 3985, 3.250408, 0:00:00.002093, 644775
1227, 7, 0, 0, True, 0.293255, 3985, 3.247759, 0:00:00.002217, 645068
1228, 5, 9, 2, False, 0.292962, 3994, 3.252443, 0:01:09.776103, 645540
1229, 7, 9, 1, True, 0.292669, 4003, 3.257120, 0:00:00.002132, 646017
1230, 7, 0, 2, False, 0.292376, 4003, 3.254472, 0:01:04.364943, 646603
1231, 7, 0, 3, False, 0.292084, 4003, 3.251828, 0:01:12.408068, 647162
1232, 7, 0, 3, False, 0.291791, 4003, 3.249188, 0:01:03.975679, 647694
1233, 7, 0, 1, False, 0.291500, 4003, 3.246553, 0:01:06.809901, 648072
1234, 7, 0, 1, False, 0.291208, 4003, 3.243922, 0:01:04.260271, 648778
1235, 7, 0, 3, False, 0.290917, 4003, 3.241296, 0:01:13.691337, 649282
1236, 7, 0, 3, False, 0.290626, 4003, 3.238673, 0:01:09.192934, 649214
1237, 7, 0, 2, False, 0.290335, 4003, 3.236055, 0:01:05.273592, 649582
1238, 7, 0, 0, True, 0.290045, 4003, 3.233441, 0:00:00.001347, 649847
1239, 5, 9, 2, True, 0.289755, 4012, 3.238095, 0:00:00.002288, 650432
1240, 7, 9, 3, True, 0.289465, 4021, 3.242742, 0:00:00.002345, 650999
1241, 7, 0, 3, False, 0.289176, 4021, 3.240129, 0:01:04.838638, 651332
1242, 7, 0, 2, False, 0.288887, 4021, 3.237520, 0:01:05.384205, 651813
1243, 7, 0, 3, False, 0.288598, 4021, 3.234916, 0:01:11.588014, 651994
1244, 7, 0, 3, False, 0.288309, 4021, 3.232315, 0:01:10.871430, 652240
1245, 7, 0, 3, True, 0.288021, 4021, 3.229719, 0:00:00.001926, 652625
1246, 7, 0, 0, True, 0.287733, 4021, 3.227127, 0:00:00.003750, 652933
1247, 5, 9, 1, False, 0.287445, 4030, 3.231756, 0:01:14.952412, 653664
1248, 5, 0, 2, True, 0.287158, 4030, 3.229167, 0:00:00.001791, 654053
1249, 7, 9, 1, False, 0.286870, 4039, 3.233787, 0:01:22.999949, 654876
1250, 7, 0, 3, False, 0.286584, 4039, 3.231200, 0:01:10.553730, 655424
1251, 7, 0, 2, False, 0.286297, 4039, 3.228617, 0:01:10.403764, 655724
1252, 7, 0, 3, False, 0.286011, 4039, 3.226038, 0:01:05.934335, 655853
1253, 7, 0, 3, False, 0.285725, 4039, 3.223464, 0:01:05.114276, 656773
1254, 7, 0, 2, False, 0.285439, 4039, 3.220893, 0:01:11.473975, 657056
1255, 7, 0, 3, False, 0.285154, 4039, 3.218327, 0:01:08.236546, 656888
1256, 7, 0, 2, False, 0.284868, 4039, 3.215764, 0:01:09.627069, 657448
1257, 7, 0, 3, False, 0.284584, 4039, 3.213206, 0:01:06.750787, 658204
1258, 7, 0, 2, False, 0.284299, 4039, 3.210652, 0:01:07.583332, 658389
1259, 7, 0, 3, False, 0.284015, 4039, 3.208102, 0:01:05.542208, 658878
1260, 7, 0, 3, False, 0.283731, 4039, 3.205556, 0:01:05.904737, 659123
1261, 7, 0, 2, True, 0.283447, 4039, 3.203013, 0:00:00.001725, 659463
1262, 7, 0, 0, True, 0.283163, 4039, 3.200475, 0:00:00.002920, 659719
1263, 5, 9, 1, False, 0.282880, 4048, 3.205067, 0:01:05.912272, 659640
1264, 5, 0, 2, False, 0.282597, 4048, 3.202532, 0:01:08.450720, 660168
1265, 7, 9, 3, False, 0.282315, 4057, 3.207115, 0:01:10.055681, 660420
1266, 7, 0, 3, False, 0.282033, 4057, 3.204581, 0:01:07.267127, 660561
1267, 7, 0, 3, False, 0.281750, 4057, 3.202052, 0:01:06.333369, 660559
1268, 7, 0, 2, False, 0.281469, 4057, 3.199527, 0:01:03.563680, 660261
1269, 7, 0, 3, False, 0.281187, 4057, 3.197006, 0:01:06.165878, 660533
1270, 7, 0, 3, False, 0.280906, 4057, 3.194488, 0:01:08.413707, 661278
1271, 7, 0, 2, False, 0.280625, 4057, 3.191975, 0:01:09.894677, 661965
1272, 7, 0, 3, False, 0.280345, 4057, 3.189465, 0:01:07.915661, 662548
1273, 7, 0, 2, False, 0.280064, 4057, 3.186960, 0:01:09.049600, 663503
1274, 7, 0, 3, True, 0.279784, 4057, 3.184458, 0:00:00.003259, 663764
1275, 7, 0, 1, False, 0.279504, 4057, 3.181961, 0:01:05.290417, 663627
1276, 7, 0, 3, False, 0.279225, 4057, 3.179467, 0:01:08.002498, 663961
1277, 7, 0, 3, True, 0.278946, 4057, 3.176977, 0:00:00.001664, 664302
1278, 7, 0, 2, True, 0.278667, 4057, 3.174491, 0:00:00.001600, 664661
1279, 7, 0, 3, False, 0.278388, 4057, 3.172009, 0:01:08.864144, 664989
1280, 7, 0, 3, False, 0.278110, 4057, 3.169531, 0:01:08.563928, 665194
1281, 7, 0, 1, False, 0.277832, 4057, 3.167057, 0:01:06.473116, 665347
1282, 7, 0, 3, False, 0.277554, 4057, 3.164587, 0:01:10.623699, 666038
1283, 7, 0, 2, False, 0.277276, 4057, 3.162120, 0:01:04.637923, 665955
1284, 7, 0, 3, False, 0.276999, 4057, 3.159657, 0:01:07.130838, 667127
1285, 7, 0, 0, True, 0.276722, 4057, 3.157198, 0:00:00.003638, 667461
1286, 5, 9, 2, False, 0.276445, 4066, 3.161742, 0:01:13.489725, 667730
1287, 7, 9, 1, False, 0.276169, 4075, 3.166278, 0:01:06.692802, 667997
1288, 7, 0, 3, False, 0.275893, 4075, 3.163820, 0:01:04.879280, 668848
1289, 7, 0, 1, True, 0.275617, 4075, 3.161365, 0:00:00.001417, 669144
1290, 7, 0, 3, False, 0.275341, 4075, 3.158915, 0:01:06.280868, 669716
1291, 7, 0, 2, False, 0.275066, 4075, 3.156468, 0:01:08.309936, 670185
1292, 7, 0, 1, True, 0.274791, 4075, 3.154025, 0:00:00.001351, 670496
1293, 7, 0, 3, False, 0.274516, 4075, 3.151585, 0:01:10.258600, 671064
1294, 7, 0, 3, False, 0.274241, 4075, 3.149150, 0:01:10.664791, 671916
1295, 7, 0, 3, False, 0.273967, 4075, 3.146718, 0:01:12.109977, 672192
1296, 7, 0, 2, True, 0.273693, 4075, 3.144290, 0:00:00.002920, 672580
1297, 7, 0, 2, False, 0.273419, 4075, 3.141866, 0:01:06.628453, 672543
1298, 7, 0, 3, False, 0.273146, 4075, 3.139445, 0:01:08.873156, 673377
1299, 7, 0, 3, False, 0.272873, 4075, 3.137028, 0:01:06.097566, 673765
1300, 7, 0, 2, False, 0.272600, 4075, 3.134615, 0:01:08.760002, 673645
1301, 7, 0, 1, True, 0.272327, 4075, 3.132206, 0:00:00.001391, 673909
1302, 7, 0, 2, True, 0.272055, 4075, 3.129800, 0:00:00.001635, 674214
1303, 7, 0, 1, True, 0.271783, 4075, 3.127398, 0:00:00.001344, 674538
1304, 7, 0, 3, False, 0.271511, 4075, 3.125000, 0:01:06.056820, 675891
1305, 7, 0, 3, False, 0.271240, 4075, 3.122605, 0:01:08.715600, 676399
1306, 7, 0, 3, False, 0.270968, 4075, 3.120214, 0:01:10.560564, 676565
1307, 7, 0, 3, False, 0.270697, 4075, 3.117827, 0:01:11.055162, 676203
1308, 7, 0, 3, False, 0.270427, 4075, 3.115443, 0:01:07.518119, 676634
1309, 7, 0, 3, True, 0.270156, 4075, 3.113063, 0:00:00.001521, 676982
1310, 7, 0, 3, False, 0.269886, 4075, 3.110687, 0:01:05.706632, 677059
1311, 7, 0, 0, True, 0.269616, 4075, 3.108314, 0:00:00.003520, 677311
1312, 5, 9, 0, True, 0.269347, 4084, 3.112805, 0:00:00.002129, 677804
1313, 12, 9, 2, False, 0.269077, 4093, 3.117289, 0:01:05.957413, 679103
1314, 5, 9, 1, False, 0.268808, 4102, 3.121766, 0:01:06.164419, 678951
1315, 5, 0, 2, False, 0.268539, 4102, 3.119392, 0:01:06.922685, 679534
1316, 7, 9, 3, False, 0.268271, 4111, 3.123860, 0:01:09.966775, 679983
1317, 7, 0, 2, False, 0.268003, 4111, 3.121488, 0:01:07.372475, 680499
1318, 7, 0, 1, True, 0.267735, 4111, 3.119120, 0:00:00.001343, 680806
1319, 7, 0, 1, True, 0.267467, 4111, 3.116755, 0:00:00.001308, 681120
1320, 7, 0, 3, False, 0.267199, 4111, 3.114394, 0:01:11.036157, 682177
1321, 7, 0, 3, False, 0.266932, 4111, 3.112036, 0:01:07.643256, 682751
1322, 7, 0, 3, True, 0.266665, 4111, 3.109682, 0:00:00.001622, 683138
1323, 7, 0, 1, False, 0.266399, 4111, 3.107332, 0:01:08.121947, 683280
1324, 7, 0, 3, True, 0.266132, 4111, 3.104985, 0:00:00.001576, 683639
1325, 7, 0, 3, False, 0.265866, 4111, 3.102642, 0:01:05.354449, 683823
1326, 7, 0, 2, False, 0.265600, 4111, 3.100302, 0:01:10.202091, 68418
1327, 7, 0, 2, True, 0.265335, 4111, 3.097965, 0:00:00.001569, 684538
1328, 7, 0, 3, False, 0.265069, 4111, 3.095633, 0:01:09.108096, 685497
1329, 7, 0, 2, True, 0.264804, 4111, 3.093303, 0:00:00.001608, 685786
1330, 7, 0, 1, True, 0.264539, 4111, 3.090977, 0:00:00.001248, 686072
1331, 7, 0, 2, False, 0.264275, 4111, 3.088655, 0:01:12.599770, 686695
1332, 7, 0, 3, False, 0.264011, 4111, 3.086336, 0:01:09.278494, 687380
1333, 7, 0, 2, False, 0.263747, 4111, 3.084021, 0:01:06.894881, 687231
1334, 7, 0, 3, False, 0.263483, 4111, 3.081709, 0:01:13.686662, 687638
1335, 7, 0, 3, False, 0.263219, 4111, 3.079401, 0:01:14.823346, 687638
1336, 7, 0, 0, True, 0.262956, 4111, 3.077096, 0:00:00.001359, 687930
1337, 5, 9, 2, False, 0.262693, 4120, 3.081526, 0:01:11.398008, 687825
1338, 7, 9, 1, False, 0.262431, 4129, 3.085949, 0:01:10.019100, 688896
1339, 7, 0, 1, True, 0.262168, 4129, 3.083645, 0:00:00.001293, 689186
1340, 7, 0, 3, False, 0.261906, 4129, 3.081343, 0:01:08.484050, 690259
1341, 7, 0, 1, True, 0.261644, 4129, 3.079045, 0:00:00.003011, 690630
1342, 7, 0, 1, True, 0.261382, 4129, 3.076751, 0:00:00.002209, 690978
1343, 7, 0, 3, False, 0.261121, 4129, 3.074460, 0:01:10.216132, 691502
1344, 7, 0, 3, False, 0.260860, 4129, 3.072173, 0:01:09.684213, 691492
1345, 7, 0, 3, False, 0.260599, 4129, 3.069888, 0:01:09.445951, 691760
1346, 7, 0, 2, False, 0.260338, 4129, 3.067608, 0:01:08.445496, 691958
1347, 7, 0, 0, True, 0.260078, 4129, 3.065330, 0:00:00.001346, 692253
1348, 5, 9, 3, True, 0.259818, 4138, 3.069733, 0:00:00.002384, 692787
1349, 5, 0, 1, True, 0.259558, 4138, 3.067457, 0:00:00.001787, 693117
1350, 5, 0, 2, False, 0.259299, 4138, 3.065185, 0:01:12.966683, 694310
1351, 7, 9, 1, True, 0.259039, 4147, 3.069578, 0:00:00.002152, 694863
1352, 7, 0, 3, False, 0.258780, 4147, 3.067308, 0:01:11.545638, 695822
1353, 7, 0, 2, False, 0.258521, 4147, 3.065041, 0:01:14.444619, 695327
1354, 7, 0, 3, False, 0.258263, 4147, 3.062777, 0:01:16.372173, 695955
1355, 7, 0, 1, True, 0.258005, 4147, 3.060517, 0:00:00.001409, 696241
1356, 7, 0, 1, False, 0.257747, 4147, 3.058260, 0:01:07.613911, 696900
1357, 7, 0, 3, False, 0.257489, 4147, 3.056006, 0:01:09.802790, 697501
1358, 7, 0, 2, False, 0.257231, 4147, 3.053756, 0:01:07.888010, 697612
1359, 7, 0, 3, False, 0.256974, 4147, 3.051508, 0:01:04.896623, 697753
1360, 7, 0, 2, False, 0.256717, 4147, 3.049265, 0:01:07.652254, 698219
1361, 7, 0, 3, False, 0.256461, 4147, 3.047024, 0:01:06.423322, 699196
1362, 7, 0, 1, False, 0.256204, 4147, 3.044787, 0:01:07.505262, 699519
1363, 7, 0, 1, True, 0.255948, 4147, 3.042553, 0:00:00.001343, 699781
1364, 7, 0, 2, False, 0.255692, 4147, 3.040323, 0:01:09.551005, 700381
1365, 7, 0, 3, False, 0.255436, 4147, 3.038095, 0:01:14.778720, 700786
1366, 7, 0, 1, False, 0.255181, 4147, 3.035871, 0:01:07.320478, 701127
1367, 7, 0, 3, False, 0.254926, 4147, 3.033650, 0:01:08.424962, 701620
1368, 7, 0, 2, False, 0.254671, 4147, 3.031433, 0:01:04.139631, 701517
1369, 7, 0, 2, False, 0.254416, 4147, 3.029218, 0:01:07.545935, 702036
1370, 7, 0, 2, False, 0.254162, 4147, 3.027007, 0:01:06.962860, 702874
1371, 7, 0, 3, False, 0.253907, 4147, 3.024799, 0:01:10.618999, 703066
1372, 7, 0, 0, True, 0.253654, 4147, 3.022595, 0:00:00.008130, 703362
1373, 5, 9, 2, False, 0.253400, 4156, 3.026948, 0:01:11.238935, 702733
1374, 7, 9, 2, False, 0.253146, 4165, 3.031295, 0:01:15.232584, 703627
1375, 7, 0, 3, False, 0.252893, 4165, 3.029091, 0:01:22.448946, 704240
1376, 7, 0, 2, False, 0.252640, 4165, 3.026890, 0:01:11.497606, 704457
1377, 7, 0, 2, False, 0.252388, 4165, 3.024691, 0:01:09.687431, 704694
1378, 7, 0, 3, False, 0.252135, 4165, 3.022496, 0:01:08.324075, 705315
1379, 7, 0, 3, True, 0.251883, 4165, 3.020305, 0:00:00.001506, 705700
1380, 7, 0, 2, False, 0.251631, 4165, 3.018116, 0:01:12.055097, 705776
1381, 7, 0, 3, False, 0.251380, 4165, 3.015930, 0:01:13.136194, 706018
1382, 7, 0, 3, True, 0.251128, 4165, 3.013748, 0:00:00.001618, 706394
1383, 7, 0, 3, False, 0.250877, 4165, 3.011569, 0:01:06.249482, 706759
1384, 7, 0, 2, False, 0.250626, 4165, 3.009393, 0:01:09.092680, 707429
